{"num_requests":{"16":3,"17":3,"8":2,"9":3,"10":6,"11":3,"12":3,"13":3,"14":6,"15":4},"wait_time":{"16":9.3333333333,"17":2.6666666667,"8":2.5,"9":3.3333333333,"10":6.6666666667,"11":3.0,"12":0.3333333333,"13":1.3333333333,"14":0.8333333333,"15":8.75}}