{"num_requests":{"16":4,"17":4,"8":2,"9":4,"10":6,"11":3,"12":9,"13":10,"14":4,"15":6},"wait_time":{"16":3.75,"17":3.75,"8":9.0,"9":4.75,"10":15.8333333333,"11":3.6666666667,"12":5.4444444444,"13":1.3,"14":8.75,"15":2.8333333333}}