{"num_requests":{"16":1,"17":3,"8":1,"9":2,"10":1,"11":1,"12":5,"13":6,"14":4,"15":3},"wait_time":{"16":3.0,"17":39.6666666667,"8":9.0,"9":6.0,"10":5.0,"11":6.0,"12":2.0,"13":4.3333333333,"14":3.75,"15":5.6666666667}}