{"num_requests":{"1":52,"2":51,"3":50,"4":52},"wait_time":{"1":5.5192307692,"2":4.0392156863,"3":7.9,"4":11.6346153846}}