{"num_requests":{"1":56,"2":63,"3":79,"4":32},"wait_time":{"1":10.0178571429,"2":12.6984126984,"3":18.1012658228,"4":11.09375}}