{"num_requests":{"16":6,"17":3,"8":4,"9":7,"10":4,"11":2,"12":5,"13":8,"14":5,"15":7},"wait_time":{"16":2.6666666667,"17":0.0,"8":5.5,"9":4.4285714286,"10":3.75,"11":1.0,"12":0.8,"13":5.375,"14":6.4,"15":5.8571428571}}