{"num_requests":{"16":8,"17":7,"9":3,"10":4,"11":3,"12":6,"13":7,"14":13,"15":10},"wait_time":{"16":27.25,"17":13.7142857143,"9":9.0,"10":8.75,"11":5.6666666667,"12":3.3333333333,"13":16.1428571429,"14":11.2307692308,"15":9.0}}