{"num_requests":{"16":9,"17":1,"8":2,"9":4,"10":4,"11":10,"12":5,"13":7,"14":7,"15":9},"wait_time":{"16":4.3333333333,"17":9.0,"8":12.0,"9":7.0,"10":8.25,"11":0.9,"12":1.0,"13":4.4285714286,"14":10.0,"15":6.4444444444}}