{"num_requests":{"1":113,"2":210,"3":170,"4":190,"5":205,"6":230},"wait_time":{"1":6.0353982301,"2":10.2523809524,"3":5.7588235294,"4":9.2368421053,"5":7.2829268293,"6":13.6782608696}}