{"num_requests":{"16":5,"17":5,"8":1,"9":6,"10":5,"11":4,"12":3,"13":8,"14":6,"15":9},"wait_time":{"16":34.6,"17":65.2,"8":2.0,"9":16.1666666667,"10":6.6,"11":5.5,"12":8.6666666667,"13":17.625,"14":11.8333333333,"15":31.0}}