{"num_requests":{"1":5,"2":27,"3":41,"4":40},"wait_time":{"1":6.8,"2":8.2222222222,"3":6.0975609756,"4":4.4}}