{"num_requests":{"16":3,"17":1,"8":2,"9":7,"10":6,"11":2,"12":4,"13":3,"14":3,"15":1},"wait_time":{"16":1.6666666667,"17":0.0,"8":1.0,"9":12.0,"10":15.5,"11":0.5,"12":33.0,"13":10.3333333333,"14":1.0,"15":4.0}}