{"num_requests":{"16":8,"17":4,"9":3,"10":10,"11":4,"12":9,"13":6,"14":4,"15":3},"wait_time":{"16":35.625,"17":10.5,"9":8.6666666667,"10":9.7,"11":3.75,"12":4.0,"13":15.3333333333,"14":10.5,"15":11.0}}