{"num_requests":{"16":2,"17":2,"8":2,"9":7,"10":8,"11":4,"12":3,"13":10,"14":8,"15":6},"wait_time":{"16":25.5,"17":31.5,"8":7.5,"9":1.4285714286,"10":19.625,"11":7.25,"12":1.0,"13":8.7,"14":18.625,"15":6.8333333333}}