{"num_requests":{"16":2,"17":2,"9":3,"10":3,"11":2,"12":7,"13":9,"14":9,"15":5},"wait_time":{"16":1.5,"17":4.0,"9":2.0,"10":3.3333333333,"11":4.0,"12":0.8571428571,"13":4.8888888889,"14":9.5555555556,"15":1.8}}