{"num_requests":{"16":6,"17":8,"8":2,"9":4,"10":6,"11":3,"12":1,"13":6,"14":6,"15":8},"wait_time":{"16":6.1666666667,"17":13.5,"8":7.5,"9":14.0,"10":10.1666666667,"11":5.0,"12":1.0,"13":3.8333333333,"14":1.1666666667,"15":9.0}}