{"num_requests":{"16":3,"8":1,"9":6,"10":6,"11":5,"12":7,"13":7,"14":8,"15":11},"wait_time":{"16":4.0,"8":8.0,"9":4.8333333333,"10":3.6666666667,"11":1.4,"12":2.0,"13":4.4285714286,"14":6.0,"15":4.8181818182}}