{"num_requests":{"1":32,"2":54,"3":43,"4":41},"wait_time":{"1":4.15625,"2":4.1481481481,"3":10.7674418605,"4":3.8780487805}}