{"num_requests":{"16":7,"17":2,"18":1,"9":6,"10":6,"11":7,"12":5,"13":6,"14":8,"15":6},"wait_time":{"16":1.4285714286,"17":27.0,"18":66.0,"9":8.1666666667,"10":7.1666666667,"11":3.2857142857,"12":1.2,"13":3.0,"14":5.75,"15":7.1666666667}}