{"num_requests":{"16":1,"17":3,"8":1,"9":10,"10":5,"11":3,"12":7,"13":6,"14":2,"15":2},"wait_time":{"16":1.0,"17":2.6666666667,"8":1.0,"9":6.2,"10":16.2,"11":1.3333333333,"12":1.5714285714,"13":1.0,"14":0.5,"15":0.5}}