{"num_requests":{"1":58,"2":54,"3":52,"4":46},"wait_time":{"1":5.275862069,"2":6.6296296296,"3":22.5,"4":6.9347826087}}