{"num_requests":{"16":6,"17":12,"8":2,"9":5,"10":10,"11":6,"12":7,"13":11,"14":13,"15":7},"wait_time":{"16":22.5,"17":39.1666666667,"8":12.0,"9":8.2,"10":9.7,"11":2.3333333333,"12":18.0,"13":14.1818181818,"14":16.0,"15":22.7142857143}}