{"num_requests":{"1":61,"2":42,"3":51,"4":36},"wait_time":{"1":12.4918032787,"2":4.2857142857,"3":13.0980392157,"4":4.0277777778}}