{"num_requests":{"16":2,"17":5,"8":1,"9":7,"10":8,"11":4,"12":3,"13":6,"14":7,"15":3},"wait_time":{"16":1.5,"17":14.4,"8":0.0,"9":10.4285714286,"10":13.375,"11":7.75,"12":1.6666666667,"13":2.5,"14":1.1428571429,"15":1.6666666667}}