{"num_requests":{"16":1,"17":3,"8":1,"9":5,"10":1,"11":1,"12":5,"13":6,"14":4,"15":5},"wait_time":{"16":1.0,"17":0.6666666667,"8":1.0,"9":8.6,"10":1.0,"11":17.0,"12":4.4,"13":1.1666666667,"14":3.0,"15":5.4}}