{"num_requests":{"16":6,"17":2,"18":1,"9":4,"10":7,"11":6,"12":8,"13":10,"14":10,"15":9},"wait_time":{"16":23.6666666667,"17":46.5,"18":52.0,"9":5.5,"10":23.5714285714,"11":2.5,"12":2.0,"13":7.7,"14":15.0,"15":7.5555555556}}