{"num_requests":{"8":1,"9":6,"10":6,"11":5,"12":9,"13":9,"14":8,"15":6,"16":13,"17":8,"18":7,"19":5},"wait_time":{"8":2.0,"9":6.0,"10":16.0,"11":13.4,"12":6.1111111111,"13":6.0,"14":11.75,"15":14.1666666667,"16":13.3076923077,"17":9.625,"18":38.4285714286,"19":11.2}}