{"num_requests":{"8":3,"9":5,"10":12,"11":11,"12":5,"13":11,"14":14,"15":8},"wait_time":{"8":1.0,"9":30.6,"10":28.0833333333,"11":14.3636363636,"12":14.4,"13":55.0,"14":19.7142857143,"15":14.75}}