{"num_requests":{"8":3,"9":6,"10":7,"11":10,"12":14,"13":14,"14":9,"15":13,"16":15,"17":15,"18":10,"19":5,"20":1},"wait_time":{"8":6.3333333333,"9":19.8333333333,"10":29.7142857143,"11":28.5,"12":27.7142857143,"13":12.3571428571,"14":6.1111111111,"15":8.3076923077,"16":29.6,"17":19.5333333333,"18":33.7,"19":54.0,"20":42.0}}