{"num_requests":{"8":3,"9":10,"10":14,"11":8,"12":8,"13":7,"14":10,"15":11,"16":15,"17":13,"18":9,"19":2},"wait_time":{"8":7.3333333333,"9":3.3,"10":6.7142857143,"11":10.0,"12":18.0,"13":32.7142857143,"14":23.5,"15":11.3636363636,"16":8.4,"17":19.4615384615,"18":7.2222222222,"19":6.0}}