{"num_requests":{"8":2,"9":7,"10":7,"11":4,"12":13,"13":14,"14":6,"15":16,"16":11,"17":16,"18":9,"19":4},"wait_time":{"8":5.5,"9":8.1428571429,"10":12.1428571429,"11":10.75,"12":33.3076923077,"13":20.1428571429,"14":23.8333333333,"15":34.8125,"16":14.9090909091,"17":13.6875,"18":30.8888888889,"19":5.75}}