{"num_requests":{"16":5,"17":9,"8":2,"9":2,"10":6,"11":10,"12":10,"13":9,"14":7,"15":8},"wait_time":{"16":12.6,"17":19.6666666667,"8":3.5,"9":2.5,"10":10.5,"11":4.8,"12":23.2,"13":25.0,"14":1.8571428571,"15":5.375}}