{"num_requests":{"8":2,"9":8,"10":10,"11":12,"12":10,"13":8,"14":7,"15":9,"16":15,"17":11,"18":3,"19":1},"wait_time":{"8":4.0,"9":5.0,"10":2.7,"11":7.75,"12":4.6,"13":9.75,"14":11.2857142857,"15":3.2222222222,"16":19.8,"17":19.2727272727,"18":5.3333333333,"19":0.0}}