{"num_requests":{"8":3,"9":16,"10":14,"11":15,"15":11},"wait_time":{"8":2.0,"9":15.375,"10":27.5714285714,"11":21.0666666667,"15":159.6363636364}}