{"num_requests":{"8":2,"9":11,"10":13,"11":13,"12":14,"13":13,"14":5,"15":12,"16":15,"17":19,"18":7,"19":6},"wait_time":{"8":7.0,"9":15.0909090909,"10":20.7692307692,"11":22.3076923077,"12":21.5714285714,"13":11.6923076923,"14":27.2,"15":43.0833333333,"16":38.7333333333,"17":36.4736842105,"18":12.0,"19":11.0}}