{"num_requests":{"16":10,"17":8,"18":14,"8":5,"9":8,"10":6,"11":2,"12":13,"13":12,"14":15,"15":11},"wait_time":{"16":31.9,"17":53.75,"18":48.7857142857,"8":7.8,"9":9.5,"10":4.6666666667,"11":0.5,"12":21.4615384615,"13":12.4166666667,"14":10.4,"15":32.6363636364}}