{"num_requests":{"16":14,"17":13,"18":9,"19":1,"9":5,"10":9,"11":7,"12":12,"13":11,"14":13,"15":11},"wait_time":{"16":26.8571428571,"17":27.5384615385,"18":24.0,"19":18.0,"9":5.4,"10":24.4444444444,"11":44.2857142857,"12":19.75,"13":24.1818181818,"14":38.0,"15":32.5454545455}}