{"num_requests":{"8":4,"9":8,"10":2,"11":3,"12":11,"13":10,"14":13,"15":13,"16":14,"17":15,"18":9,"19":3},"wait_time":{"8":6.25,"9":9.5,"10":5.5,"11":44.0,"12":27.0,"13":14.0,"14":9.0769230769,"15":3.6153846154,"16":8.4285714286,"17":4.6,"18":12.7777777778,"19":1.6666666667}}