{"num_requests":{"8":1,"9":4,"10":4,"11":4,"12":12,"13":9,"14":7,"15":7,"16":7,"17":10,"18":5,"19":1},"wait_time":{"8":1.0,"9":2.0,"10":9.25,"11":29.0,"12":3.25,"13":1.6666666667,"14":2.7142857143,"15":1.4285714286,"16":6.1428571429,"17":7.4,"18":1.4,"19":39.0}}