{"num_requests":{"8":1,"9":3,"10":10,"11":6,"12":12,"13":10,"14":6,"15":5,"16":22,"17":10,"18":3,"19":2},"wait_time":{"8":12.0,"9":2.3333333333,"10":31.1,"11":47.0,"12":29.0833333333,"13":23.3,"14":16.0,"15":10.6,"16":16.5,"17":8.8,"18":14.6666666667,"19":5.5}}