{"num_requests":{"16":6,"17":8,"8":1,"9":8,"10":8,"11":3,"12":7,"13":3,"14":5,"15":3},"wait_time":{"16":2.3333333333,"17":4.375,"8":5.0,"9":13.375,"10":22.375,"11":4.0,"12":4.5714285714,"13":10.3333333333,"14":1.2,"15":2.0}}