{"num_requests":{"8":3,"9":7,"10":10,"11":10,"12":6,"13":11,"14":22,"15":14,"16":9,"17":6,"18":4,"19":1},"wait_time":{"8":1.3333333333,"9":13.8571428571,"10":26.5,"11":17.5,"12":74.0,"13":5.7272727273,"14":26.9545454545,"15":5.1428571429,"16":8.6666666667,"17":18.5,"18":40.5,"19":104.0}}