{"num_requests":{"8":2,"9":7,"10":10,"11":8,"12":13,"13":11,"14":7,"15":13,"16":14,"17":14,"18":6,"19":6},"wait_time":{"8":2.5,"9":4.4285714286,"10":21.1,"11":2.0,"12":2.6153846154,"13":6.4545454545,"14":18.1428571429,"15":43.8461538462,"16":29.0,"17":29.3571428571,"18":22.5,"19":16.8333333333}}