{"num_requests":{"8":3,"9":9,"10":10,"11":4,"12":22,"13":9,"14":16,"15":16,"16":7,"17":10,"18":8,"19":4},"wait_time":{"8":4.0,"9":15.6666666667,"10":11.6,"11":10.0,"12":32.9090909091,"13":5.6666666667,"14":4.4375,"15":13.5,"16":14.1428571429,"17":4.5,"18":8.75,"19":19.25}}