{"num_requests":{"8":1,"9":8,"10":11,"11":18,"12":10,"13":6,"14":12,"15":12,"16":20,"17":15,"18":12,"19":2},"wait_time":{"8":3.0,"9":2.375,"10":12.2727272727,"11":12.6666666667,"12":12.8,"13":3.3333333333,"14":21.6666666667,"15":21.0,"16":27.0,"17":43.0,"18":41.0833333333,"19":1.0}}