{"num_requests":{"8":3,"9":4,"10":8,"11":6,"12":6,"13":5,"14":8,"15":9,"16":8,"17":20,"18":5,"19":4},"wait_time":{"8":3.0,"9":3.0,"10":23.625,"11":12.3333333333,"12":15.6666666667,"13":38.2,"14":17.375,"15":28.4444444444,"16":104.25,"17":60.65,"18":4.6,"19":7.75}}