{"num_requests":{"8":4,"9":10,"10":14,"11":12,"12":13,"13":12,"14":13,"15":12},"wait_time":{"8":9.5,"9":32.8,"10":33.3571428571,"11":32.0833333333,"12":12.6923076923,"13":6.5,"14":8.2307692308,"15":18.1666666667}}