{"num_requests":{"16":7,"17":13,"18":2,"8":3,"9":4,"10":8,"11":12,"12":9,"13":6,"14":6,"15":12},"wait_time":{"16":10.1428571429,"17":8.7692307692,"18":6.5,"8":5.6666666667,"9":2.0,"10":2.375,"11":4.9166666667,"12":21.2222222222,"13":15.6666666667,"14":5.3333333333,"15":6.8333333333}}