{"num_requests":{"8":3,"9":6,"10":13,"11":11,"12":12,"13":16,"14":6,"15":13,"16":16,"17":12,"18":7,"19":5},"wait_time":{"8":9.0,"9":14.5,"10":27.1538461538,"11":22.7272727273,"12":27.4166666667,"13":37.875,"14":35.1666666667,"15":31.7692307692,"16":26.0625,"17":16.1666666667,"18":1.7142857143,"19":17.0}}