{"num_requests":{"8":3,"9":12,"10":9,"11":8,"12":13,"13":18,"14":13,"15":10,"16":13,"17":9,"18":14,"19":2},"wait_time":{"8":12.6666666667,"9":24.8333333333,"10":10.5555555556,"11":12.5,"12":34.3076923077,"13":30.8888888889,"14":24.7692307692,"15":54.4,"16":20.4615384615,"17":40.1111111111,"18":39.2142857143,"19":28.0}}