{"num_requests":{"1":5,"2":28,"3":52,"4":71,"5":30},"wait_time":{"1":5.8,"2":2.5357142857,"3":8.2115384615,"4":5.7464788732,"5":4.9666666667}}