{"num_requests":{"1":186,"2":452,"3":482,"4":590,"5":550,"6":539,"7":491,"8":386,"9":436,"10":453,"11":538,"12":420},"wait_time":{"1":5.8279569892,"2":18.2588495575,"3":26.6452282158,"4":22.5898305085,"5":25.4145454545,"6":21.7532467532,"7":21.7393075356,"8":23.7124352332,"9":15.502293578,"10":15.0154525386,"11":21.3847583643,"12":15.5738095238}}