{"num_requests":{"1":88,"2":96,"3":105,"4":106,"5":57},"wait_time":{"1":17.0227272727,"2":9.6354166667,"3":27.4285714286,"4":18.5754716981,"5":17.2105263158}}