{"num_requests":{"16":1,"8":2,"9":8,"10":17,"11":9,"12":7,"13":7,"14":4,"15":6},"wait_time":{"16":36.0,"8":9.0,"9":42.25,"10":20.1764705882,"11":1.8888888889,"12":8.7142857143,"13":19.5714285714,"14":30.25,"15":54.0}}