{"num_requests":{"8":3,"9":9,"10":7,"11":6,"12":12,"13":13,"14":9,"15":12,"16":14,"17":10,"18":12,"19":3},"wait_time":{"8":9.0,"9":11.3333333333,"10":27.4285714286,"11":14.3333333333,"12":38.3333333333,"13":24.3846153846,"14":14.0,"15":19.8333333333,"16":34.2142857143,"17":32.2,"18":38.0,"19":20.6666666667}}