{"num_requests":{"1":116,"2":136,"3":109,"4":109,"5":69},"wait_time":{"1":19.8362068966,"2":24.625,"3":18.880733945,"4":21.0550458716,"5":24.9565217391}}