{"num_requests":{"8":3,"9":10,"10":7,"11":5,"12":12,"13":15,"14":14,"15":13,"16":16,"17":5,"18":7,"19":2},"wait_time":{"8":5.0,"9":15.6,"10":1.7142857143,"11":10.4,"12":30.0,"13":33.2,"14":33.0714285714,"15":16.7692307692,"16":7.0,"17":17.6,"18":10.5714285714,"19":5.0}}