{"num_requests":{"16":6,"17":11,"18":9,"19":3,"9":4,"10":7,"11":8,"12":10,"13":9,"14":9,"15":15},"wait_time":{"16":4.8333333333,"17":19.3636363636,"18":14.6666666667,"19":12.6666666667,"9":1.5,"10":4.7142857143,"11":5.625,"12":3.1,"13":3.1111111111,"14":7.1111111111,"15":11.5333333333}}