{"num_requests":{"16":1,"8":6,"9":12,"10":13,"11":6,"12":8,"13":7,"14":16,"15":9},"wait_time":{"16":6.0,"8":1.0,"9":26.6666666667,"10":12.8461538462,"11":9.6666666667,"12":40.375,"13":48.1428571429,"14":26.0,"15":29.2222222222}}