{"num_requests":{"8":1,"9":4,"10":9,"11":7,"12":11,"13":10,"14":10,"15":9,"16":12,"17":6,"18":6,"19":2},"wait_time":{"8":1.0,"9":4.75,"10":7.3333333333,"11":32.0,"12":25.9090909091,"13":20.0,"14":4.1,"15":5.5555555556,"16":10.3333333333,"17":10.0,"18":5.6666666667,"19":7.0}}