{"num_requests":{"16":13,"17":11,"18":10,"19":5,"9":3,"10":6,"11":9,"12":6,"13":15,"14":9,"15":15},"wait_time":{"16":7.3076923077,"17":9.2727272727,"18":23.1,"19":7.0,"9":3.0,"10":15.3333333333,"11":36.5555555556,"12":23.8333333333,"13":30.6666666667,"14":4.6666666667,"15":9.4666666667}}