{"num_requests":{"8":5,"9":9,"10":12,"11":11,"12":9,"13":10,"14":6,"15":6,"16":7,"17":7,"18":3,"19":2,"20":1},"wait_time":{"8":4.6,"9":11.8888888889,"10":13.8333333333,"11":11.8181818182,"12":9.1111111111,"13":17.4,"14":13.3333333333,"15":29.1666666667,"16":15.8571428571,"17":39.2857142857,"18":35.0,"19":20.5,"20":29.0}}