{"num_requests":{"1":111,"2":120,"3":117,"4":124,"5":78},"wait_time":{"1":21.963963964,"2":24.8666666667,"3":25.8888888889,"4":29.2822580645,"5":24.3076923077}}