{"num_requests":{"1":87,"2":117,"3":98,"4":103,"5":59,"6":74},"wait_time":{"1":12.8505747126,"2":11.8547008547,"3":26.0510204082,"4":21.0485436893,"5":45.9322033898,"6":21.2027027027}}