{"num_requests":{"16":12,"17":15,"18":8,"19":6,"9":10,"10":10,"11":3,"12":10,"13":9,"14":3,"15":13},"wait_time":{"16":38.5833333333,"17":13.4666666667,"18":19.875,"19":16.8333333333,"9":12.4,"10":10.5,"11":34.3333333333,"12":14.1,"13":20.1111111111,"14":51.0,"15":34.1538461538}}