{"num_requests":{"8":3,"9":8,"10":7,"11":8,"12":13,"13":12,"14":11,"15":12,"16":14,"17":17,"18":7,"19":4},"wait_time":{"8":3.0,"9":15.0,"10":18.0,"11":15.5,"12":21.8461538462,"13":11.4166666667,"14":16.1818181818,"15":26.5,"16":22.8571428571,"17":34.5294117647,"18":9.7142857143,"19":7.5}}