{"num_requests":{"16":4,"8":7,"9":15,"10":11,"11":13,"12":13,"13":15,"14":12,"15":10},"wait_time":{"16":213.75,"8":7.5714285714,"9":17.8,"10":40.2727272727,"11":27.9230769231,"12":49.0,"13":35.8,"14":23.0833333333,"15":16.9}}