{"num_requests":{"8":1,"9":5,"10":8,"11":7,"12":10,"13":9,"14":7,"15":13,"16":12,"17":9,"18":7,"19":2,"20":1},"wait_time":{"8":2.0,"9":2.2,"10":15.375,"11":22.5714285714,"12":21.3,"13":26.2222222222,"14":21.5714285714,"15":30.6923076923,"16":30.0833333333,"17":17.1111111111,"18":11.1428571429,"19":17.0,"20":48.0}}