{"num_requests":{"16":11,"17":11,"18":3,"8":1,"9":3,"10":6,"11":5,"12":17,"13":12,"14":9,"15":7},"wait_time":{"16":8.3636363636,"17":7.0,"18":9.3333333333,"8":2.0,"9":4.6666666667,"10":13.0,"11":12.8,"12":11.4705882353,"13":6.4166666667,"14":3.7777777778,"15":3.2857142857}}