{"num_requests":{"8":1,"9":7,"10":10,"11":6,"12":10,"13":11,"14":12,"15":14,"16":24,"17":16,"18":11,"19":6,"20":2},"wait_time":{"8":2.0,"9":8.1428571429,"10":18.2,"11":11.8333333333,"12":16.4,"13":8.3636363636,"14":24.4166666667,"15":20.8571428571,"16":21.6666666667,"17":35.25,"18":18.3636363636,"19":60.1666666667,"20":19.0}}