{"num_requests":{"1":130,"2":121,"3":121,"4":118,"5":100},"wait_time":{"1":21.8307692308,"2":17.4132231405,"3":25.7851239669,"4":14.0847457627,"5":36.01}}