{"num_requests":{"9":6,"10":3,"11":7,"12":10,"13":11,"14":12,"15":16,"16":14,"17":5,"18":11,"19":1,"20":2},"wait_time":{"9":12.1666666667,"10":9.3333333333,"11":13.7142857143,"12":19.2,"13":5.4545454545,"14":8.4166666667,"15":9.25,"16":35.5,"17":70.0,"18":88.2727272727,"19":3.0,"20":17.0}}