{"num_requests":{"8":2,"9":6,"10":8,"11":5,"12":10,"13":15,"14":10,"15":14,"16":11,"17":21,"18":4,"19":5},"wait_time":{"8":1.5,"9":7.6666666667,"10":8.375,"11":16.4,"12":35.0,"13":26.9333333333,"14":26.1,"15":20.4285714286,"16":19.0,"17":27.0952380952,"18":12.0,"19":22.6}}