{"num_requests":{"8":2,"9":1,"10":4,"11":10,"12":9,"13":8,"14":9,"15":7,"16":13,"17":7,"18":4,"19":1},"wait_time":{"8":5.5,"9":28.0,"10":5.75,"11":8.4,"12":8.3333333333,"13":11.0,"14":13.1111111111,"15":44.7142857143,"16":12.3076923077,"17":26.4285714286,"18":4.5,"19":12.0}}