{"num_requests":{"8":3,"9":11,"10":11,"11":9,"12":10,"13":7,"14":4,"15":2},"wait_time":{"8":3.6666666667,"9":7.9090909091,"10":6.2727272727,"11":8.4444444444,"12":60.5,"13":9.1428571429,"14":15.0,"15":4.5}}