{"num_requests":{"8":1,"9":10,"10":7,"11":9,"12":13,"13":9,"14":10,"15":11,"16":19,"17":12,"18":13,"19":7},"wait_time":{"8":5.0,"9":9.3,"10":27.0,"11":28.0,"12":21.4615384615,"13":17.6666666667,"14":35.6,"15":24.6363636364,"16":13.4210526316,"17":29.5833333333,"18":62.5384615385,"19":13.2857142857}}