{"num_requests":{"8":2,"9":2,"10":5,"11":7,"12":6,"13":8,"14":8,"15":13,"16":13,"17":9,"18":14,"19":6},"wait_time":{"8":0.5,"9":3.0,"10":31.4,"11":9.4285714286,"12":14.5,"13":10.375,"14":20.375,"15":25.8461538462,"16":11.9230769231,"17":21.2222222222,"18":36.7857142857,"19":6.5}}