{"num_requests":{"8":4,"9":11,"10":13,"11":13,"12":9,"13":7,"14":17,"15":12,"16":19,"17":18,"18":3,"19":6,"20":4},"wait_time":{"8":4.0,"9":3.8181818182,"10":12.4615384615,"11":11.2307692308,"12":15.0,"13":49.1428571429,"14":46.3529411765,"15":47.1666666667,"16":29.4210526316,"17":8.7222222222,"18":42.6666666667,"19":15.1666666667,"20":53.75}}