{"num_requests":{"9":3,"10":9,"11":11,"12":11,"13":12,"14":11,"15":3,"16":14,"17":9,"18":10,"19":5,"20":1},"wait_time":{"9":2.6666666667,"10":16.4444444444,"11":9.8181818182,"12":20.4545454545,"13":25.9166666667,"14":24.3636363636,"15":40.6666666667,"16":28.4285714286,"17":22.0,"18":33.6,"19":10.4,"20":13.0}}