{"num_requests":{"1":86,"2":99,"3":121,"4":117,"5":59},"wait_time":{"1":35.6395348837,"2":21.9797979798,"3":28.0330578512,"4":29.811965812,"5":12.2372881356}}