{"num_requests":{"1":75,"2":110,"3":93,"4":85,"5":90},"wait_time":{"1":14.8666666667,"2":12.8909090909,"3":19.3440860215,"4":8.0470588235,"5":19.8444444444}}