{"num_requests":{"8":1,"9":12,"10":13,"11":12,"12":14,"13":5,"14":5,"15":14,"16":19,"17":15,"18":5,"19":2},"wait_time":{"8":8.0,"9":3.1666666667,"10":19.7692307692,"11":6.4166666667,"12":22.4285714286,"13":9.0,"14":14.8,"15":18.7142857143,"16":5.6315789474,"17":11.0666666667,"18":6.2,"19":4.0}}