{"num_requests":{"1":83,"2":111,"3":90,"4":82,"5":70},"wait_time":{"1":12.8192771084,"2":19.0810810811,"3":20.5444444444,"4":8.5365853659,"5":14.6857142857}}