{"num_requests":{"10":6,"11":3,"12":7,"13":3,"14":4},"wait_time":{"10":7.3333333333,"11":0.6666666667,"12":2.8571428571,"13":1.6666666667,"14":5.0}}