{"num_requests":{"8":2,"9":6,"10":15,"11":13,"12":7,"13":12,"14":4,"15":5},"wait_time":{"8":0.5,"9":34.3333333333,"10":34.5333333333,"11":17.6923076923,"12":44.0,"13":35.5833333333,"14":45.75,"15":46.0}}