{"num_requests":{"8":2,"9":7,"10":13,"11":7,"12":13,"13":13,"14":11,"15":13,"16":8,"17":12,"18":5,"19":2},"wait_time":{"8":14.5,"9":6.2857142857,"10":20.1538461538,"11":4.7142857143,"12":21.6153846154,"13":36.0,"14":14.9090909091,"15":14.2307692308,"16":14.0,"17":12.3333333333,"18":41.2,"19":18.5}}