{"num_requests":{"1":122,"2":105,"3":102,"4":68,"5":23},"wait_time":{"1":22.4672131148,"2":10.980952381,"3":16.4705882353,"4":12.8823529412,"5":3.9565217391}}