{"num_requests":{"1":91,"2":127,"3":99,"4":110,"5":64},"wait_time":{"1":8.7032967033,"2":21.4566929134,"3":22.0909090909,"4":26.0636363636,"5":32.859375}}