{"num_requests":{"2":130,"3":91,"4":104,"5":61},"wait_time":{"2":25.1615384615,"3":21.6263736264,"4":24.2211538462,"5":22.868852459}}