{"num_requests":{"8":1,"9":5,"10":5,"11":10,"12":9,"13":11,"14":13,"15":17,"16":20,"17":11,"18":10,"19":5},"wait_time":{"8":1.0,"9":4.6,"10":20.6,"11":19.3,"12":28.8888888889,"13":60.0,"14":29.8461538462,"15":23.1176470588,"16":20.0,"17":28.1818181818,"18":25.1,"19":9.4}}