{"num_requests":{"8":3,"9":7,"10":6,"11":7,"12":11,"13":13,"14":11,"15":21,"16":16,"17":13,"18":7,"19":6},"wait_time":{"8":24.0,"9":25.5714285714,"10":6.5,"11":14.2857142857,"12":9.9090909091,"13":23.5384615385,"14":17.5454545455,"15":38.8095238095,"16":46.3125,"17":42.3076923077,"18":18.7142857143,"19":26.1666666667}}