{"num_requests":{"8":3,"9":4,"10":8,"11":12,"12":12,"13":10,"14":16,"15":8,"16":15,"17":14,"18":12,"19":3},"wait_time":{"8":3.0,"9":16.0,"10":43.25,"11":39.5,"12":29.3333333333,"13":17.1,"14":25.0625,"15":25.625,"16":27.6,"17":34.3571428571,"18":46.25,"19":5.3333333333}}