{"num_requests":{"9":5,"10":8,"11":9,"12":14,"13":15,"14":21,"15":2},"wait_time":{"9":2.8,"10":8.75,"11":17.7777777778,"12":18.2857142857,"13":27.6,"14":30.4761904762,"15":7.5}}