{"num_requests":{"8":3,"9":7,"10":5,"11":13,"12":14,"13":13,"14":8,"15":11,"16":20,"17":13,"18":9,"19":5},"wait_time":{"8":8.0,"9":6.4285714286,"10":2.6,"11":2.3076923077,"12":4.0714285714,"13":3.3076923077,"14":19.625,"15":31.3636363636,"16":23.85,"17":31.8461538462,"18":38.1111111111,"19":31.8}}