{"num_requests":{"8":6,"9":10,"10":20,"11":18,"12":16,"13":10,"14":11,"15":7},"wait_time":{"8":6.8333333333,"9":16.6,"10":18.85,"11":11.0,"12":7.4375,"13":28.2,"14":11.8181818182,"15":21.7142857143}}