{"num_requests":{"16":1,"10":4,"11":3,"12":12,"13":10,"14":15,"15":14},"wait_time":{"16":45.0,"10":2.5,"11":1.3333333333,"12":7.4166666667,"13":38.0,"14":17.4,"15":24.7857142857}}