{"num_requests":{"8":2,"9":9,"10":16,"11":8,"12":15,"13":12,"14":17,"15":11,"16":15,"17":14,"18":8,"19":7},"wait_time":{"8":9.5,"9":3.7777777778,"10":5.75,"11":5.625,"12":3.7333333333,"13":8.0833333333,"14":9.2941176471,"15":18.5454545455,"16":28.9333333333,"17":32.6428571429,"18":52.625,"19":62.7142857143}}