{"num_requests":{"8":2,"9":7,"10":9,"11":15,"12":19,"13":19,"14":15,"15":13,"16":19,"17":10,"18":12,"19":12},"wait_time":{"8":3.5,"9":16.1428571429,"10":12.5555555556,"11":9.6,"12":8.0,"13":8.4210526316,"14":15.8,"15":13.4615384615,"16":14.7894736842,"17":13.6,"18":34.25,"19":25.5833333333}}