{"num_requests":{"8":1,"9":5,"10":11,"11":10,"12":10,"13":10,"14":13,"15":21,"16":11,"17":10,"18":9,"19":13},"wait_time":{"8":1.0,"9":30.4,"10":23.8181818182,"11":20.8,"12":4.4,"13":11.2,"14":11.4615384615,"15":10.9523809524,"16":24.2727272727,"17":18.2,"18":56.8888888889,"19":78.1538461538}}