{"num_requests":{"8":2,"9":9,"10":7,"11":9,"12":7,"13":9,"14":12,"15":13,"16":10,"17":15,"18":12,"19":5},"wait_time":{"8":8.5,"9":18.1111111111,"10":10.4285714286,"11":5.7777777778,"12":11.7142857143,"13":6.1111111111,"14":6.5,"15":8.0,"16":13.5,"17":26.6666666667,"18":30.75,"19":26.2}}