{"num_requests":{"8":1,"9":10,"10":12,"11":4,"12":11,"13":15,"14":15,"15":18,"16":17,"17":14,"18":9,"19":5},"wait_time":{"8":10.0,"9":26.7,"10":23.5,"11":1.0,"12":2.3636363636,"13":12.2,"14":17.4,"15":13.8888888889,"16":15.4117647059,"17":16.7142857143,"18":25.1111111111,"19":11.6}}