{"num_requests":{"8":7,"9":10,"10":12,"11":12,"12":10,"13":9,"14":7,"15":4},"wait_time":{"8":10.8571428571,"9":7.0,"10":3.5833333333,"11":3.0833333333,"12":2.2,"13":24.0,"14":11.2857142857,"15":4.25}}