{"num_requests":{"9":14,"10":17,"11":17,"12":17,"13":16,"14":15,"15":20,"16":17,"17":26,"18":18,"19":11,"20":4},"wait_time":{"9":18.4285714286,"10":26.0,"11":18.9411764706,"12":9.5294117647,"13":8.4375,"14":7.0666666667,"15":16.95,"16":29.1764705882,"17":26.2692307692,"18":21.3888888889,"19":37.6363636364,"20":63.0}}