{"num_requests":{"2":139,"3":132,"4":136,"5":71,"6":56},"wait_time":{"2":32.5755395683,"3":16.9015151515,"4":11.3602941176,"5":7.8873239437,"6":7.1964285714}}