{"num_requests":{"9":11,"10":16,"11":12,"12":13,"13":8,"14":12,"15":3},"wait_time":{"9":13.0909090909,"10":20.1875,"11":3.0833333333,"12":17.8461538462,"13":43.875,"14":37.6666666667,"15":24.0}}