{"num_requests":{"8":1,"9":6,"10":2,"11":4,"12":8,"13":5,"14":5,"15":8,"16":10,"17":9,"18":6,"19":2},"wait_time":{"8":1.0,"9":5.5,"10":1.5,"11":1.25,"12":3.625,"13":10.0,"14":23.6,"15":11.125,"16":13.4,"17":6.5555555556,"18":8.3333333333,"19":0.0}}