{"num_requests":{"1":143,"2":107,"3":118,"4":101,"5":73,"6":59},"wait_time":{"1":11.3986013986,"2":22.7943925234,"3":13.5677966102,"4":10.1881188119,"5":11.6438356164,"6":19.2542372881}}