{"num_requests":{"10":2,"11":10,"12":13,"13":15,"14":13,"15":9},"wait_time":{"10":1.0,"11":4.8,"12":9.2307692308,"13":12.4,"14":16.2307692308,"15":17.1111111111}}