{"num_requests":{"8":1,"9":4,"10":5,"11":5,"12":2,"13":3,"14":1,"15":7,"16":7,"17":7,"18":2,"19":6},"wait_time":{"8":1.0,"9":3.5,"10":3.2,"11":3.4,"12":2.0,"13":1.6666666667,"14":0.0,"15":10.0,"16":4.5714285714,"17":2.4285714286,"18":6.0,"19":5.5}}