{"num_requests":{"16":17,"17":5,"18":9,"19":3,"9":6,"10":9,"11":15,"12":12,"13":13,"14":8,"15":8},"wait_time":{"16":20.8235294118,"17":11.4,"18":6.0,"19":2.3333333333,"9":1.5,"10":2.8888888889,"11":6.5333333333,"12":5.0,"13":14.3846153846,"14":8.375,"15":12.875}}