{"num_requests":{"8":1,"9":8,"10":6,"11":10,"12":7,"13":9,"14":9,"15":6,"16":12,"17":14,"18":15,"19":8},"wait_time":{"8":23.0,"9":34.25,"10":16.8333333333,"11":3.6,"12":8.4285714286,"13":12.3333333333,"14":30.7777777778,"15":25.8333333333,"16":39.6666666667,"17":33.5,"18":39.6,"19":15.5}}