{"num_requests":{"1":27,"2":39,"3":62,"4":66,"5":52,"6":29},"wait_time":{"1":3.1111111111,"2":5.4871794872,"3":4.5967741935,"4":8.6515151515,"5":6.5961538462,"6":12.6206896552}}