{"num_requests":{"8":1,"9":6,"10":13,"11":10,"12":9,"13":14,"14":9,"15":10,"16":14,"17":10,"18":6,"19":3,"20":1},"wait_time":{"8":23.0,"9":19.0,"10":6.8461538462,"11":9.8,"12":26.8888888889,"13":18.2142857143,"14":11.6666666667,"15":37.2,"16":12.5,"17":25.8,"18":29.1666666667,"19":17.0,"20":89.0}}