{"num_requests":{"1":114,"2":99,"3":123,"4":105,"5":75,"6":32},"wait_time":{"1":9.2631578947,"2":22.8585858586,"3":12.5609756098,"4":9.7333333333,"5":21.48,"6":17.09375}}