{"num_requests":{"8":3,"9":7,"10":10,"11":14,"12":17,"13":8,"14":7,"15":12,"16":22,"17":19,"18":14,"19":8,"20":1},"wait_time":{"8":9.6666666667,"9":3.4285714286,"10":8.8,"11":7.7142857143,"12":3.4705882353,"13":7.625,"14":23.8571428571,"15":45.8333333333,"16":38.8181818182,"17":25.1578947368,"18":20.8571428571,"19":22.25,"20":58.0}}