{"num_requests":{"8":4,"9":7,"10":5,"11":10,"12":7,"13":9,"14":12,"15":10,"16":12,"17":7,"18":9,"19":4},"wait_time":{"8":1.0,"9":5.5714285714,"10":1.2,"11":1.4,"12":2.7142857143,"13":5.5555555556,"14":5.75,"15":6.8,"16":9.4166666667,"17":15.1428571429,"18":19.3333333333,"19":23.75}}