{"num_requests":{"8":1,"9":8,"10":7,"11":11,"12":14,"13":13,"14":7,"15":12,"16":15,"17":11,"18":19,"19":6},"wait_time":{"8":8.0,"9":18.25,"10":8.1428571429,"11":3.0,"12":2.3571428571,"13":5.0769230769,"14":4.0,"15":15.5,"16":11.9333333333,"17":11.7272727273,"18":11.5789473684,"19":18.0}}