{"num_requests":{"8":1,"9":4,"10":7,"11":11,"12":18,"13":17,"14":4,"15":7,"16":9,"17":15,"18":13,"19":6},"wait_time":{"8":2.0,"9":29.25,"10":9.2857142857,"11":3.8181818182,"12":11.5,"13":24.2941176471,"14":21.75,"15":17.4285714286,"16":40.2222222222,"17":17.8666666667,"18":18.0,"19":12.6666666667}}