{"num_requests":{"8":2,"9":3,"10":11,"11":19,"12":13,"13":12,"14":11,"15":13,"16":14,"17":17,"18":5,"19":3},"wait_time":{"8":24.0,"9":8.0,"10":7.4545454545,"11":27.4736842105,"12":12.9230769231,"13":22.3333333333,"14":4.5454545455,"15":8.0,"16":5.9285714286,"17":5.8823529412,"18":2.0,"19":28.6666666667}}