{"num_requests":{"8":1,"9":3,"10":12,"11":17,"12":9,"13":18,"14":19,"15":11,"16":16,"17":22,"18":6,"19":7},"wait_time":{"8":2.0,"9":7.6666666667,"10":6.4166666667,"11":7.7647058824,"12":19.5555555556,"13":25.9444444444,"14":17.1052631579,"15":21.5454545455,"16":12.5625,"17":17.3636363636,"18":2.0,"19":9.2857142857}}