{"num_requests":{"8":2,"9":8,"10":12,"11":16,"12":18,"13":9,"14":6,"15":14,"16":9,"17":15,"18":18,"19":12},"wait_time":{"8":18.5,"9":17.625,"10":12.6666666667,"11":9.3125,"12":12.2222222222,"13":21.4444444444,"14":29.0,"15":39.7857142857,"16":51.8888888889,"17":72.0666666667,"18":59.3333333333,"19":24.0833333333}}