{"num_requests":{"10":2,"11":10,"12":14,"13":10,"14":11,"15":6},"wait_time":{"10":1.0,"11":4.3,"12":13.5714285714,"13":11.4,"14":29.3636363636,"15":22.8333333333}}