{"num_requests":{"8":1,"9":4,"10":7,"11":10,"12":11,"13":8,"14":9,"15":12,"16":11,"17":13,"18":9,"19":11,"20":1},"wait_time":{"8":6.0,"9":8.0,"10":8.8571428571,"11":4.3,"12":4.4545454545,"13":6.5,"14":32.3333333333,"15":27.0,"16":29.7272727273,"17":39.0,"18":26.3333333333,"19":40.0,"20":69.0}}