{"num_requests":{"2":192,"3":124,"4":121,"5":98,"6":51},"wait_time":{"2":20.8020833333,"3":9.6209677419,"4":18.652892562,"5":14.9489795918,"6":8.0588235294}}