{"num_requests":{"8":1,"9":10,"10":7,"11":9,"12":10,"13":9,"14":8,"15":6,"16":12,"17":16,"18":9,"19":2},"wait_time":{"8":5.0,"9":8.7,"10":18.0,"11":11.8888888889,"12":11.4,"13":33.6666666667,"14":23.125,"15":33.6666666667,"16":40.6666666667,"17":32.375,"18":13.5555555556,"19":3.0}}