{"num_requests":{"8":1,"9":5,"10":13,"11":14,"12":27,"13":10,"14":18,"15":13,"16":17,"17":23,"18":17,"19":5},"wait_time":{"8":21.0,"9":25.4,"10":10.7692307692,"11":17.1428571429,"12":4.962962963,"13":9.2,"14":11.8333333333,"15":14.3076923077,"16":7.7647058824,"17":17.8695652174,"18":22.0588235294,"19":12.6}}