{"num_requests":{"8":2,"9":8,"10":14,"11":16,"12":13,"13":8,"14":10,"15":2},"wait_time":{"8":12.5,"9":23.75,"10":11.1428571429,"11":6.125,"12":7.7692307692,"13":7.125,"14":20.7,"15":8.0}}