{"num_requests":{"8":2,"9":7,"10":11,"11":16,"12":19,"13":11,"14":14,"15":11,"16":15,"17":16,"18":12,"19":4},"wait_time":{"8":14.0,"9":15.4285714286,"10":2.1818181818,"11":7.8125,"12":12.6315789474,"13":8.8181818182,"14":18.6428571429,"15":18.7272727273,"16":35.8666666667,"17":8.5625,"18":11.3333333333,"19":4.5}}