{"num_requests":{"8":3,"9":7,"10":9,"11":12,"12":17,"13":14,"14":15,"15":20,"16":21,"17":14,"18":11,"19":5},"wait_time":{"8":8.0,"9":9.8571428571,"10":1.8888888889,"11":16.5,"12":4.5294117647,"13":3.3571428571,"14":22.4,"15":23.1,"16":6.8571428571,"17":6.0714285714,"18":3.9090909091,"19":31.4}}