{"num_requests":{"1":148,"2":134,"3":163,"4":95,"5":74,"6":47},"wait_time":{"1":11.2094594595,"2":18.328358209,"3":13.0920245399,"4":5.5157894737,"5":4.1216216216,"6":11.1063829787}}