{"num_requests":{"8":4,"9":6,"10":12,"11":14,"12":21,"13":11,"14":12,"15":17,"16":7,"17":21,"18":15,"19":17},"wait_time":{"8":21.75,"9":5.1666666667,"10":6.0833333333,"11":13.5714285714,"12":13.8095238095,"13":8.6363636364,"14":22.0833333333,"15":35.5882352941,"16":17.4285714286,"17":23.9523809524,"18":13.6666666667,"19":27.9411764706}}