{"num_requests":{"10":2,"11":9,"12":14,"13":19,"14":6,"15":6},"wait_time":{"10":9.5,"11":3.7777777778,"12":6.7857142857,"13":10.3684210526,"14":3.8333333333,"15":8.0}}