{"num_requests":{"1":110,"2":105,"3":106,"4":94,"5":62,"6":56},"wait_time":{"1":15.0818181818,"2":25.7047619048,"3":19.3018867925,"4":10.2127659574,"5":10.7580645161,"6":7.4285714286}}