{"num_requests":{"16":1,"10":4,"11":10,"12":13,"13":15,"14":15,"15":9},"wait_time":{"16":29.0,"10":9.75,"11":8.6,"12":6.4615384615,"13":5.5333333333,"14":13.5333333333,"15":26.4444444444}}