{"num_requests":{"1":124,"2":125,"3":69,"4":50,"5":7},"wait_time":{"1":25.2822580645,"2":13.064,"3":6.8405797101,"4":4.42,"5":4.4285714286}}