{"num_requests":{"8":1,"9":7,"10":11,"11":9,"12":9,"13":8,"14":9,"15":10},"wait_time":{"8":2.0,"9":4.4285714286,"10":7.0,"11":1.6666666667,"12":3.6666666667,"13":3.375,"14":15.2222222222,"15":11.4}}