{"num_requests":{"9":8,"10":9,"11":13,"12":8,"13":8,"14":14,"15":17,"16":11,"17":10,"18":18,"19":12,"20":1},"wait_time":{"9":7.125,"10":7.5555555556,"11":3.0,"12":3.125,"13":5.75,"14":15.6428571429,"15":5.4117647059,"16":8.8181818182,"17":32.3,"18":50.3333333333,"19":34.5,"20":8.0}}