{"num_requests":{"9":3,"10":10,"11":11,"12":15,"13":9,"14":12,"15":4},"wait_time":{"9":2.6666666667,"10":4.8,"11":3.0909090909,"12":12.6666666667,"13":21.6666666667,"14":12.0,"15":35.75}}