{"num_requests":{"8":5,"9":17,"10":10,"11":13,"12":8,"13":11,"14":15,"15":13,"16":11,"17":12,"18":6,"19":4},"wait_time":{"8":18.8,"9":17.6470588235,"10":2.4,"11":7.5384615385,"12":3.75,"13":6.0,"14":6.6666666667,"15":20.5384615385,"16":31.6363636364,"17":20.0833333333,"18":7.0,"19":5.75}}