{"num_requests":{"8":3,"9":8,"10":8,"11":12,"12":13,"13":11,"14":6,"15":3,"16":15,"17":15,"18":16,"19":8},"wait_time":{"8":27.6666666667,"9":13.375,"10":8.375,"11":8.5,"12":7.1538461538,"13":6.1818181818,"14":11.0,"15":12.0,"16":30.8,"17":14.4,"18":13.3125,"19":11.0}}