{"num_requests":{"8":3,"9":5,"10":6,"11":9,"12":9,"13":10,"14":11,"15":7,"16":16,"17":7,"18":5,"19":7},"wait_time":{"8":12.3333333333,"9":1.8,"10":4.5,"11":2.8888888889,"12":7.2222222222,"13":7.5,"14":6.1818181818,"15":11.2857142857,"16":3.125,"17":1.7142857143,"18":5.6,"19":6.8571428571}}