{"num_requests":{"1":157,"2":131,"3":112,"4":96,"5":64,"6":53},"wait_time":{"1":18.7324840764,"2":15.7480916031,"3":17.8125,"4":7.8854166667,"5":6.8125,"6":15.2641509434}}