{"num_requests":{"8":2,"9":7,"10":8,"11":13,"12":22,"13":14,"14":16,"15":18,"16":19,"17":9,"18":18,"19":11,"20":1},"wait_time":{"8":1.0,"9":2.4285714286,"10":2.875,"11":13.5384615385,"12":6.9545454545,"13":3.9285714286,"14":10.3125,"15":6.1111111111,"16":13.4210526316,"17":21.6666666667,"18":42.3333333333,"19":65.0909090909,"20":52.0}}