{"num_requests":{"8":1,"9":7,"10":9,"11":5,"12":13,"13":10,"14":9,"15":16,"16":23,"17":9,"18":11,"19":11,"20":1},"wait_time":{"8":13.0,"9":4.1428571429,"10":5.4444444444,"11":6.2,"12":12.7692307692,"13":13.4,"14":6.3333333333,"15":10.4375,"16":13.8695652174,"17":6.4444444444,"18":20.1818181818,"19":29.0,"20":124.0}}