{"num_requests":{"8":2,"9":9,"10":11,"11":13,"12":6,"13":9,"14":7,"15":12,"16":19,"17":18,"18":7,"19":8},"wait_time":{"8":3.5,"9":17.8888888889,"10":10.3636363636,"11":6.3076923077,"12":13.6666666667,"13":29.4444444444,"14":32.4285714286,"15":30.9166666667,"16":20.1578947368,"17":10.5,"18":20.4285714286,"19":29.125}}