{"num_requests":{"8":2,"9":5,"10":17,"11":15,"12":19,"13":12,"14":13,"15":12,"16":9,"17":9,"18":14,"19":5},"wait_time":{"8":21.5,"9":26.4,"10":26.3529411765,"11":8.5333333333,"12":10.3684210526,"13":17.0833333333,"14":19.6153846154,"15":8.1666666667,"16":29.3333333333,"17":9.0,"18":18.7142857143,"19":23.6}}