{"num_requests":{"16":6,"17":4,"18":4,"19":3,"10":3,"11":2,"12":1,"13":2,"14":6,"15":8},"wait_time":{"16":7.3333333333,"17":12.0,"18":8.25,"19":4.0,"10":1.3333333333,"11":0.5,"12":2.0,"13":0.5,"14":1.0,"15":7.875}}