{"num_requests":{"1":275,"2":548,"3":534,"4":681,"5":661,"6":485,"7":586,"8":722,"9":613,"10":533,"11":601,"12":375},"wait_time":{"1":6.7745454545,"2":14.6788321168,"3":17.3539325843,"4":14.8634361233,"5":11.497730711,"6":12.4824742268,"7":15.9044368601,"8":15.5650969529,"9":14.6835236542,"10":15.8480300188,"11":14.4509151414,"12":14.6453333333}}