{"num_requests":{"8":6,"9":11,"10":13,"11":18,"12":11,"13":7,"14":5,"15":3},"wait_time":{"8":2.6666666667,"9":12.1818181818,"10":3.3846153846,"11":2.4444444444,"12":1.7272727273,"13":2.8571428571,"14":2.4,"15":5.3333333333}}