{"num_requests":{"1":117,"2":138,"3":142,"4":88},"wait_time":{"1":16.1025641026,"2":12.8115942029,"3":10.8873239437,"4":9.7272727273}}