{"num_requests":{"8":3,"9":8,"10":17,"11":11,"12":17,"13":14,"14":15,"15":6},"wait_time":{"8":5.3333333333,"9":16.25,"10":19.1176470588,"11":9.7272727273,"12":12.1176470588,"13":21.7142857143,"14":24.6666666667,"15":19.8333333333}}