{"num_requests":{"1":138,"2":142,"3":134,"4":141,"5":64,"6":62},"wait_time":{"1":13.8985507246,"2":20.7464788732,"3":12.5074626866,"4":14.8865248227,"5":11.90625,"6":11.6290322581}}