{"num_requests":{"8":2,"9":11,"10":7,"11":12,"12":13,"13":12,"14":12,"15":14,"16":10,"17":11,"18":8,"19":5},"wait_time":{"8":7.0,"9":8.7272727273,"10":11.2857142857,"11":1.5,"12":4.6923076923,"13":13.1666666667,"14":13.4166666667,"15":14.0714285714,"16":16.2,"17":33.4545454545,"18":37.0,"19":54.8}}