{"num_requests":{"8":2,"9":4,"10":11,"11":6,"12":9,"13":7,"14":4,"15":7,"16":7,"17":4,"18":6,"19":2},"wait_time":{"8":29.5,"9":31.75,"10":11.0909090909,"11":1.5,"12":2.0,"13":2.2857142857,"14":7.5,"15":4.1428571429,"16":1.5714285714,"17":5.0,"18":4.1666666667,"19":3.0}}