{"num_requests":{"8":1,"9":10,"10":10,"11":14,"12":11,"13":17,"14":7,"15":15,"16":17,"17":20,"18":12,"19":4},"wait_time":{"8":42.0,"9":22.2,"10":5.1,"11":2.6428571429,"12":3.0909090909,"13":12.3529411765,"14":20.1428571429,"15":13.4666666667,"16":28.5882352941,"17":13.2,"18":6.0,"19":1.75}}