{"num_requests":{"16":22,"17":12,"18":7,"19":9,"9":1,"10":6,"11":5,"12":4,"13":8,"14":12,"15":15},"wait_time":{"16":16.0909090909,"17":17.4166666667,"18":6.1428571429,"19":5.4444444444,"9":1.0,"10":7.6666666667,"11":2.0,"12":0.75,"13":4.375,"14":3.9166666667,"15":15.4666666667}}