{"num_requests":{"8":2,"9":6,"10":13,"11":10,"12":12,"13":17,"14":12,"15":12,"16":17,"17":18,"18":14,"19":3},"wait_time":{"8":1.5,"9":10.5,"10":11.0,"11":2.8,"12":13.4166666667,"13":8.1176470588,"14":10.3333333333,"15":14.8333333333,"16":22.5294117647,"17":8.5555555556,"18":11.7142857143,"19":2.0}}