{"num_requests":{"1":158,"2":129,"3":152,"4":125,"5":91,"6":67},"wait_time":{"1":16.9683544304,"2":17.7829457364,"3":14.7105263158,"4":13.504,"5":17.3296703297,"6":11.3731343284}}