{"num_requests":{"8":1,"9":9,"10":8,"11":8,"12":7,"13":6,"14":8,"15":5},"wait_time":{"8":25.0,"9":4.5555555556,"10":0.875,"11":3.125,"12":2.5714285714,"13":11.6666666667,"14":9.375,"15":16.4}}