{"num_requests":{"8":3,"9":11,"10":7,"11":9,"12":8,"13":5,"14":7,"15":11,"16":11,"17":6,"18":9,"19":7},"wait_time":{"8":2.3333333333,"9":8.9090909091,"10":0.8571428571,"11":1.6666666667,"12":12.0,"13":14.2,"14":15.2857142857,"15":3.3636363636,"16":15.3636363636,"17":14.0,"18":12.0,"19":23.1428571429}}