{"num_requests":{"8":3,"9":4,"10":16,"11":13,"12":14,"13":15,"14":15,"15":10,"16":18,"17":13,"18":9,"19":3,"20":1},"wait_time":{"8":14.0,"9":31.75,"10":22.1875,"11":15.8461538462,"12":15.3571428571,"13":10.1333333333,"14":5.0,"15":3.5,"16":11.2777777778,"17":6.8461538462,"18":10.7777777778,"19":17.0,"20":29.0}}