{"num_requests":{"16":6,"17":4,"11":4,"12":3,"13":3,"14":4,"15":3},"wait_time":{"16":1.1666666667,"17":3.25,"11":1.5,"12":1.3333333333,"13":1.0,"14":10.25,"15":3.3333333333}}