{"num_requests":{"9":5,"10":6,"11":9,"12":7,"13":8,"14":10,"15":14,"16":15,"17":5,"18":5,"19":3,"20":1},"wait_time":{"9":3.4,"10":12.6666666667,"11":12.4444444444,"12":11.2857142857,"13":14.375,"14":3.6,"15":10.0,"16":13.8,"17":3.0,"18":3.8,"19":6.3333333333,"20":21.0}}