{"num_requests":{"8":3,"9":11,"10":11,"11":13,"12":16,"13":12,"14":15,"15":18,"16":12,"17":13,"18":13,"19":6},"wait_time":{"8":3.3333333333,"9":9.1818181818,"10":10.7272727273,"11":5.7692307692,"12":6.3125,"13":10.1666666667,"14":9.0666666667,"15":15.9444444444,"16":19.5,"17":13.9230769231,"18":12.8461538462,"19":16.3333333333}}