{"num_requests":{"10":7,"11":11,"12":11,"13":9,"14":4,"15":9},"wait_time":{"10":6.1428571429,"11":3.1818181818,"12":3.3636363636,"13":5.7777777778,"14":30.0,"15":13.7777777778}}