{"num_requests":{"8":2,"9":9,"10":15,"11":16,"12":17,"13":16,"14":13,"15":8,"16":12,"17":14,"18":13,"19":7},"wait_time":{"8":11.5,"9":18.0,"10":14.6,"11":9.0625,"12":20.9411764706,"13":8.5625,"14":4.9230769231,"15":5.625,"16":9.75,"17":5.4285714286,"18":11.6153846154,"19":7.2857142857}}