{"num_requests":{"8":1,"9":2,"10":12,"11":15,"12":10,"13":10,"14":9,"15":8,"16":12,"17":11,"18":2,"19":3},"wait_time":{"8":4.0,"9":3.0,"10":5.0,"11":4.8666666667,"12":2.7,"13":10.2,"14":7.1111111111,"15":19.0,"16":25.0,"17":27.3636363636,"18":3.0,"19":74.3333333333}}