{"num_requests":{"8":4,"9":6,"10":11,"11":9,"12":10,"13":15,"14":11,"15":10,"16":15,"17":6,"18":6,"19":5},"wait_time":{"8":4.25,"9":8.1666666667,"10":3.4545454545,"11":5.0,"12":4.2,"13":19.3333333333,"14":6.5454545455,"15":9.9,"16":6.8,"17":35.1666666667,"18":38.3333333333,"19":61.2}}