{"num_requests":{"8":2,"9":7,"10":10,"11":13,"12":11,"13":9,"14":5,"15":3},"wait_time":{"8":1.5,"9":17.8571428571,"10":8.5,"11":9.1538461538,"12":12.4545454545,"13":11.6666666667,"14":2.8,"15":4.0}}