{"num_requests":{"16":1,"8":6,"9":3,"10":9,"11":7,"12":15,"13":13,"14":8,"15":2},"wait_time":{"16":29.0,"8":2.8333333333,"9":4.6666666667,"10":10.0,"11":1.5714285714,"12":11.4666666667,"13":15.0,"14":7.5,"15":8.5}}