{"num_requests":{"8":2,"9":8,"10":6,"11":12,"12":15,"13":10,"14":14,"15":10,"16":13,"17":3,"18":8,"19":4,"20":3},"wait_time":{"8":3.5,"9":20.25,"10":5.6666666667,"11":1.9166666667,"12":5.0,"13":10.7,"14":4.8571428571,"15":1.8,"16":7.9230769231,"17":24.6666666667,"18":38.5,"19":84.25,"20":61.6666666667}}