{"num_requests":{"8":2,"9":8,"10":15,"11":9,"12":13,"13":8,"14":12,"15":6},"wait_time":{"8":1.0,"9":6.375,"10":8.1333333333,"11":1.4444444444,"12":3.0769230769,"13":11.5,"14":16.3333333333,"15":7.6666666667}}