{"num_requests":{"8":4,"9":10,"10":15,"11":12,"12":7,"13":13,"14":12,"15":14,"16":14,"17":11,"18":11,"19":6},"wait_time":{"8":2.5,"9":6.5,"10":5.1333333333,"11":3.8333333333,"12":3.5714285714,"13":4.6923076923,"14":9.0,"15":19.7142857143,"16":22.9285714286,"17":27.5454545455,"18":19.2727272727,"19":4.6666666667}}