{"num_requests":{"10":9,"11":8,"12":7,"13":9,"14":12,"15":8},"wait_time":{"10":8.2222222222,"11":9.875,"12":19.0,"13":23.5555555556,"14":21.1666666667,"15":25.0}}