{"num_requests":{"8":3,"9":7,"10":10,"11":8,"12":9,"13":8,"14":5},"wait_time":{"8":1.6666666667,"9":7.4285714286,"10":6.8,"11":6.75,"12":6.6666666667,"13":17.625,"14":5.8}}