{"num_requests":{"1":9,"2":29,"3":64,"4":70,"5":62,"6":41},"wait_time":{"1":13.3333333333,"2":5.0689655172,"3":14.6875,"4":11.0142857143,"5":6.0806451613,"6":20.4390243902}}