{"num_requests":{"8":1,"9":7,"10":7,"11":15,"12":20,"13":19,"14":20,"15":16,"16":12,"17":12,"18":11,"19":14,"20":2},"wait_time":{"8":6.0,"9":16.7142857143,"10":18.0,"11":16.2666666667,"12":10.95,"13":28.1052631579,"14":34.25,"15":13.9375,"16":11.5,"17":29.25,"18":60.1818181818,"19":47.8571428571,"20":42.0}}