{"num_requests":{"16":1,"10":7,"11":6,"12":5,"13":5,"14":7,"15":3},"wait_time":{"16":23.0,"10":8.7142857143,"11":4.8333333333,"12":16.8,"13":45.0,"14":13.4285714286,"15":23.0}}