{"num_requests":{"9":4,"10":7,"11":6,"12":20,"13":17,"14":19,"15":17,"16":14,"17":4,"18":5,"19":6,"20":1},"wait_time":{"9":9.25,"10":1.4285714286,"11":1.1666666667,"12":4.85,"13":7.1764705882,"14":12.7894736842,"15":5.1176470588,"16":14.0,"17":26.75,"18":44.8,"19":45.3333333333,"20":45.0}}