{"num_requests":{"8":1,"9":7,"10":9,"11":14,"12":8,"13":12,"14":8,"15":13,"16":11,"17":12,"18":9,"19":2,"20":2},"wait_time":{"8":3.0,"9":2.8571428571,"10":8.7777777778,"11":5.0,"12":18.75,"13":17.1666666667,"14":13.375,"15":4.2307692308,"16":3.1818181818,"17":4.5833333333,"18":6.0,"19":21.5,"20":36.0}}