{"num_requests":{"1":98,"2":129,"3":116,"4":79,"5":48,"6":46},"wait_time":{"1":16.6020408163,"2":11.8759689922,"3":13.6637931034,"4":12.8607594937,"5":12.1041666667,"6":12.9782608696}}