{"num_requests":{"8":3,"9":7,"10":8,"11":12,"12":18,"13":11,"14":8,"15":4},"wait_time":{"8":12.3333333333,"9":5.0,"10":15.625,"11":2.3333333333,"12":5.7777777778,"13":7.0,"14":6.25,"15":8.5}}