{"num_requests":{"10":4,"11":6,"12":9,"13":9,"14":8,"15":5},"wait_time":{"10":3.75,"11":7.1666666667,"12":14.0,"13":19.5555555556,"14":13.25,"15":21.6}}