{"num_requests":{"8":1,"9":3,"10":12,"11":11,"12":11,"13":13,"14":12,"15":17,"16":16,"17":12,"18":17,"19":2},"wait_time":{"8":1.0,"9":10.6666666667,"10":6.3333333333,"11":18.3636363636,"12":18.5454545455,"13":20.8461538462,"14":15.0833333333,"15":5.1176470588,"16":5.25,"17":29.1666666667,"18":42.0,"19":7.0}}