{"num_requests":{"1":108,"2":149,"3":109,"4":97,"5":50,"6":57},"wait_time":{"1":13.8981481481,"2":15.7516778523,"3":19.2110091743,"4":15.2680412371,"5":8.18,"6":8.8245614035}}