{"num_requests":{"8":2,"9":3,"10":3,"11":11,"12":7,"13":11,"14":6,"15":5,"16":12,"17":8,"18":5,"19":2},"wait_time":{"8":7.0,"9":3.3333333333,"10":8.0,"11":3.9090909091,"12":6.5714285714,"13":14.9090909091,"14":9.1666666667,"15":4.0,"16":4.25,"17":8.875,"18":5.2,"19":8.5}}