{"num_requests":{"8":1,"9":9,"10":16,"11":16,"12":14,"13":10,"14":5,"15":13,"16":8,"17":9,"18":10,"19":2},"wait_time":{"8":5.0,"9":5.8888888889,"10":7.875,"11":10.125,"12":5.8571428571,"13":5.0,"14":15.0,"15":24.2307692308,"16":15.25,"17":36.7777777778,"18":30.2,"19":43.0}}