{"num_requests":{"1":156,"2":129,"3":93,"4":58,"5":15},"wait_time":{"1":26.0192307692,"2":16.1472868217,"3":7.9139784946,"4":4.3793103448,"5":1.8}}