{"num_requests":{"8":3,"9":10,"10":15,"11":16,"12":15,"13":10,"14":14,"15":19,"16":17,"17":14,"18":10,"19":5,"20":1},"wait_time":{"8":1.6666666667,"9":7.7,"10":16.2,"11":6.0625,"12":6.6666666667,"13":4.1,"14":17.4285714286,"15":18.3157894737,"16":16.9411764706,"17":35.2857142857,"18":18.7,"19":48.4,"20":56.0}}