{"num_requests":{"16":8,"17":9,"18":6,"19":7,"9":6,"10":13,"11":12,"12":9,"13":13,"14":9,"15":11},"wait_time":{"16":38.375,"17":69.4444444444,"18":88.0,"19":73.1428571429,"9":16.8333333333,"10":15.0,"11":17.9166666667,"12":13.1111111111,"13":23.5384615385,"14":13.1111111111,"15":26.6363636364}}