{"num_requests":{"8":4,"9":3,"10":15,"11":13,"12":11,"13":7,"14":7,"15":4},"wait_time":{"8":1.75,"9":16.6666666667,"10":11.1333333333,"11":5.4615384615,"12":6.3636363636,"13":3.4285714286,"14":7.7142857143,"15":28.25}}