{"num_requests":{"16":1,"10":6,"11":7,"12":9,"13":10,"14":3,"15":5},"wait_time":{"16":38.0,"10":11.1666666667,"11":16.4285714286,"12":17.0,"13":26.0,"14":31.6666666667,"15":22.0}}