{"num_requests":{"8":1,"9":10,"10":9,"11":11,"12":18,"13":11,"14":11,"15":14,"16":9,"17":6,"18":11,"19":6,"20":1},"wait_time":{"8":1.0,"9":7.6,"10":6.5555555556,"11":10.2727272727,"12":10.5,"13":13.8181818182,"14":20.9090909091,"15":31.5714285714,"16":11.5555555556,"17":30.6666666667,"18":46.3636363636,"19":69.6666666667,"20":111.0}}