{"num_requests":{"10":5,"11":5,"12":10,"13":12,"14":7,"15":7},"wait_time":{"10":3.8,"11":12.6,"12":22.2,"13":30.0,"14":15.5714285714,"15":15.1428571429}}