{"num_requests":{"8":2,"9":3,"10":10,"11":9,"12":8,"13":10,"14":17,"15":5},"wait_time":{"8":6.0,"9":3.0,"10":7.4,"11":1.8888888889,"12":2.875,"13":31.3,"14":30.2352941176,"15":22.0}}