{"num_requests":{"8":1,"9":7,"10":16,"11":10,"12":12,"13":11,"14":11,"15":16,"16":8,"17":19,"18":10,"19":9},"wait_time":{"8":6.0,"9":1.7142857143,"10":12.625,"11":12.4,"12":2.3333333333,"13":4.9090909091,"14":4.6363636364,"15":3.625,"16":7.75,"17":24.3157894737,"18":17.6,"19":17.0}}