{"num_requests":{"9":6,"10":11,"11":8,"12":9,"13":4,"14":6,"15":4},"wait_time":{"9":19.8333333333,"10":9.9090909091,"11":6.875,"12":7.0,"13":10.75,"14":15.8333333333,"15":24.25}}