{"num_requests":{"11":7,"12":13,"13":12,"14":8,"15":7},"wait_time":{"11":5.4285714286,"12":17.8461538462,"13":13.5,"14":9.5,"15":5.1428571429}}