{"num_requests":{"16":14,"17":5,"18":4,"19":5,"9":4,"10":9,"11":11,"12":11,"13":9,"14":19,"15":10},"wait_time":{"16":13.0714285714,"17":13.6,"18":29.0,"19":44.2,"9":1.0,"10":10.1111111111,"11":8.8181818182,"12":6.0909090909,"13":11.5555555556,"14":15.5263157895,"15":8.2}}