{"num_requests":{"8":1,"9":7,"10":14,"11":11,"12":12,"13":7,"14":9,"15":11,"16":11,"17":3,"18":5,"19":1,"20":1},"wait_time":{"8":31.0,"9":8.1428571429,"10":4.2142857143,"11":2.8181818182,"12":2.1666666667,"13":12.0,"14":2.3333333333,"15":8.0909090909,"16":15.3636363636,"17":3.3333333333,"18":25.2,"19":12.0,"20":21.0}}