{"num_requests":{"16":7,"17":10,"18":4,"19":3,"9":5,"10":9,"11":10,"12":5,"13":11,"14":12,"15":12},"wait_time":{"16":3.2857142857,"17":7.8,"18":30.75,"19":39.3333333333,"9":6.2,"10":8.4444444444,"11":9.2,"12":7.0,"13":5.6363636364,"14":1.5833333333,"15":2.4166666667}}