{"num_requests":{"8":2,"9":4,"10":5,"11":11,"12":9,"13":11,"14":16,"15":13,"16":12,"17":8,"18":9,"19":4,"20":1},"wait_time":{"8":3.0,"9":2.75,"10":7.0,"11":9.2727272727,"12":1.5555555556,"13":3.4545454545,"14":4.0625,"15":3.3076923077,"16":13.75,"17":26.375,"18":31.3333333333,"19":26.5,"20":51.0}}