{"num_requests":{"8":3,"9":6,"10":11,"11":12,"12":12,"13":6,"14":10,"15":13,"16":6,"17":7,"18":5,"19":6},"wait_time":{"8":14.0,"9":37.3333333333,"10":6.3636363636,"11":11.4166666667,"12":8.5,"13":12.5,"14":23.5,"15":25.7692307692,"16":21.5,"17":4.8571428571,"18":7.2,"19":10.3333333333}}