{"num_requests":{"1":102,"2":103,"3":89,"4":108,"5":78,"6":47},"wait_time":{"1":10.6862745098,"2":14.213592233,"3":15.9213483146,"4":8.787037037,"5":12.2179487179,"6":27.3829787234}}