{"num_requests":{"1":105,"2":97,"3":120,"4":75,"5":71,"6":47},"wait_time":{"1":10.7523809524,"2":13.1855670103,"3":12.0583333333,"4":7.2133333333,"5":6.9014084507,"6":11.5744680851}}