{"num_requests":{"2":113,"3":82,"4":88,"5":64,"6":53},"wait_time":{"2":15.1238938053,"3":10.512195122,"4":7.7954545455,"5":8.6875,"6":17.9622641509}}