{"num_requests":{"16":2,"10":8,"11":8,"12":9,"13":14,"14":7,"15":11},"wait_time":{"16":40.5,"10":3.875,"11":3.5,"12":7.6666666667,"13":12.0714285714,"14":5.7142857143,"15":14.8181818182}}