{"num_requests":{"8":1,"9":10,"10":14,"11":10,"12":11,"13":7,"14":13,"15":10,"16":13,"17":4,"18":6,"19":10},"wait_time":{"8":0.0,"9":21.7,"10":8.9285714286,"11":3.6,"12":5.1818181818,"13":12.5714285714,"14":27.2307692308,"15":23.7,"16":15.8461538462,"17":7.75,"18":31.5,"19":55.4}}