{"num_requests":{"1":275,"2":548,"3":565,"4":555,"5":570,"6":516,"7":571,"8":400,"9":515,"10":535,"11":527,"12":451},"wait_time":{"1":11.6109090909,"2":13.0218978102,"3":13.6548672566,"4":14.5171171171,"5":14.6228070175,"6":13.4457364341,"7":18.1838879159,"8":11.9125,"9":10.5436893204,"10":14.985046729,"11":13.5863377609,"12":15.8736141907}}