{"num_requests":{"8":1,"9":8,"10":7,"11":10,"12":14,"13":10,"14":13,"15":11,"16":8,"17":8,"18":7,"19":5,"20":4},"wait_time":{"8":2.0,"9":6.5,"10":5.2857142857,"11":6.3,"12":8.0714285714,"13":8.4,"14":13.0769230769,"15":25.6363636364,"16":14.25,"17":47.125,"18":47.5714285714,"19":67.0,"20":68.25}}