{"num_requests":{"8":1,"9":5,"10":12,"11":14,"12":11,"13":10,"14":7,"15":8,"16":7,"17":12,"18":5,"19":11},"wait_time":{"8":2.0,"9":1.2,"10":5.5833333333,"11":6.0,"12":5.0,"13":2.9,"14":3.4285714286,"15":8.25,"16":12.0,"17":33.9166666667,"18":27.6,"19":45.6363636364}}