{"num_requests":{"8":3,"9":9,"10":11,"11":9,"12":14,"13":9,"14":16,"15":16,"16":10,"17":6,"18":12,"19":3},"wait_time":{"8":2.0,"9":1.1111111111,"10":4.8181818182,"11":2.0,"12":2.5714285714,"13":1.5555555556,"14":3.375,"15":11.3125,"16":10.9,"17":37.6666666667,"18":10.0,"19":9.0}}