{"num_requests":{"16":5,"10":5,"11":3,"12":7,"13":9,"14":7,"15":11},"wait_time":{"16":36.4,"10":5.6,"11":13.0,"12":34.2857142857,"13":35.7777777778,"14":22.4285714286,"15":29.0}}