{"num_requests":{"8":1,"9":4,"10":13,"11":10,"12":4,"13":7,"14":19,"15":18,"16":12,"17":6,"18":4,"19":3},"wait_time":{"8":9.0,"9":11.0,"10":9.7692307692,"11":9.2,"12":3.25,"13":7.5714285714,"14":9.1052631579,"15":17.5,"16":12.0833333333,"17":13.8333333333,"18":8.5,"19":4.6666666667}}