{"num_requests":{"8":2,"9":7,"10":13,"11":14,"12":12,"13":7,"14":6,"15":1},"wait_time":{"8":2.0,"9":4.2857142857,"10":1.7692307692,"11":2.8571428571,"12":4.9166666667,"13":7.8571428571,"14":19.3333333333,"15":50.0}}