{"num_requests":{"16":2,"10":5,"11":11,"12":11,"13":8,"14":10,"15":10},"wait_time":{"16":16.0,"10":4.0,"11":5.0909090909,"12":6.7272727273,"13":6.0,"14":10.6,"15":16.7}}