{"num_requests":{"1":110,"2":149,"3":106,"4":127,"5":79},"wait_time":{"1":17.2090909091,"2":16.255033557,"3":21.0849056604,"4":17.4488188976,"5":20.4683544304}}