{"num_requests":{"8":3,"9":10,"10":12,"11":18,"12":15,"13":9,"14":7,"15":4},"wait_time":{"8":3.0,"9":19.1,"10":14.5,"11":7.2777777778,"12":11.0,"13":16.1111111111,"14":14.7142857143,"15":8.75}}