{"num_requests":{"8":1,"9":1,"10":7,"11":7,"12":9,"13":1,"14":8,"15":9,"16":6,"17":3,"18":8,"19":4},"wait_time":{"8":2.0,"9":2.0,"10":2.7142857143,"11":2.4285714286,"12":1.3333333333,"13":1.0,"14":5.875,"15":6.4444444444,"16":23.3333333333,"17":62.0,"18":42.75,"19":28.5}}