{"num_requests":{"8":2,"9":5,"10":9,"11":4,"12":12,"13":17,"14":11,"15":22,"16":15,"17":17,"18":8,"19":9},"wait_time":{"8":3.5,"9":11.2,"10":6.2222222222,"11":3.25,"12":1.75,"13":5.8235294118,"14":10.5454545455,"15":14.5,"16":11.2666666667,"17":13.2352941176,"18":22.375,"19":34.0}}