{"num_requests":{"8":2,"9":8,"10":13,"11":16,"12":8,"13":11,"14":12,"15":11,"16":15,"17":12,"18":8,"19":4,"20":2},"wait_time":{"8":1.5,"9":2.375,"10":4.5384615385,"11":4.5,"12":2.875,"13":2.7272727273,"14":8.9166666667,"15":8.0909090909,"16":14.3333333333,"17":39.4166666667,"18":27.875,"19":27.0,"20":27.0}}