{"num_requests":{"16":8,"17":4,"18":7,"19":2,"9":7,"10":9,"11":6,"12":2,"13":2,"14":5,"15":6},"wait_time":{"16":4.875,"17":5.0,"18":2.1428571429,"19":8.5,"9":5.2857142857,"10":5.2222222222,"11":4.8333333333,"12":2.0,"13":1.5,"14":2.2,"15":5.3333333333}}