{"num_requests":{"8":1,"9":3,"10":11,"11":15,"12":10,"13":5,"14":10,"15":9,"16":11,"17":8,"18":8,"19":7,"20":1},"wait_time":{"8":2.0,"9":32.0,"10":10.7272727273,"11":6.4666666667,"12":5.4,"13":6.6,"14":14.7,"15":21.2222222222,"16":42.5454545455,"17":43.875,"18":16.5,"19":42.7142857143,"20":33.0}}