{"num_requests":{"8":2,"9":7,"10":11,"11":6,"12":14,"13":6,"14":13,"15":9,"16":12,"17":13,"18":2,"19":4},"wait_time":{"8":16.0,"9":20.2857142857,"10":11.8181818182,"11":4.5,"12":8.1428571429,"13":2.5,"14":18.3076923077,"15":2.6666666667,"16":3.75,"17":19.6923076923,"18":4.5,"19":4.75}}