{"num_requests":{"8":3,"9":8,"10":14,"11":11,"12":14,"13":10,"14":8,"15":10,"16":9,"17":15,"18":10,"19":6},"wait_time":{"8":5.6666666667,"9":4.625,"10":3.8571428571,"11":4.1818181818,"12":4.7857142857,"13":3.9,"14":5.375,"15":1.2,"16":7.8888888889,"17":24.0666666667,"18":23.7,"19":19.5}}