{"num_requests":{"1":91,"2":122,"3":118,"4":99,"5":64,"6":41},"wait_time":{"1":18.9340659341,"2":12.0901639344,"3":21.9406779661,"4":10.6161616162,"5":9.453125,"6":14.0}}