{"num_requests":{"16":13,"17":12,"18":20,"19":10,"9":8,"10":17,"11":16,"12":16,"13":14,"14":16,"15":7},"wait_time":{"16":11.1538461538,"17":41.6666666667,"18":37.75,"19":23.9,"9":1.625,"10":10.1176470588,"11":7.0,"12":7.0625,"13":6.2142857143,"14":11.1875,"15":4.5714285714}}