{"num_requests":{"8":1,"9":2,"10":6,"11":14,"12":11,"13":9,"14":8,"15":11,"16":5,"17":8,"18":8,"19":6},"wait_time":{"8":3.0,"9":45.0,"10":4.8333333333,"11":11.8571428571,"12":3.4545454545,"13":11.7777777778,"14":11.625,"15":15.1818181818,"16":23.4,"17":35.0,"18":23.125,"19":23.8333333333}}