{"num_requests":{"8":1,"9":11,"10":11,"11":8,"12":12,"13":9,"14":12,"15":11,"16":17,"17":16,"18":9,"19":9,"20":1},"wait_time":{"8":2.0,"9":22.7272727273,"10":6.0909090909,"11":6.25,"12":5.0833333333,"13":15.6666666667,"14":10.4166666667,"15":10.6363636364,"16":17.6470588235,"17":20.3125,"18":33.8888888889,"19":52.3333333333,"20":28.0}}