{"num_requests":{"8":6,"9":2,"10":4,"11":6,"12":11,"13":14,"14":16,"15":12,"16":17,"17":8,"18":5,"19":9},"wait_time":{"8":3.1666666667,"9":1.0,"10":2.25,"11":1.0,"12":10.3636363636,"13":12.5714285714,"14":13.3125,"15":4.0,"16":8.8235294118,"17":26.75,"18":63.6,"19":69.3333333333}}