{"num_requests":{"8":2,"9":8,"10":8,"11":10,"12":6,"13":8,"14":14,"15":13,"16":7,"17":10,"18":2,"19":6,"20":4},"wait_time":{"8":3.0,"9":7.0,"10":1.625,"11":2.6,"12":1.6666666667,"13":1.5,"14":4.5,"15":9.6923076923,"16":6.2857142857,"17":42.5,"18":69.0,"19":80.3333333333,"20":56.5}}