{"num_requests":{"8":1,"9":3,"10":9,"11":11,"12":14,"13":13,"14":11,"15":12,"16":10,"17":8,"18":4,"19":3,"20":2},"wait_time":{"8":1.0,"9":0.6666666667,"10":9.4444444444,"11":6.3636363636,"12":2.5714285714,"13":2.6923076923,"14":3.8181818182,"15":10.4166666667,"16":8.3,"17":12.75,"18":25.0,"19":31.3333333333,"20":57.5}}