{"num_requests":{"16":6,"17":6,"18":6,"19":2,"9":7,"10":6,"11":14,"12":9,"13":6,"14":9,"15":11},"wait_time":{"16":8.5,"17":27.6666666667,"18":33.1666666667,"19":4.5,"9":14.2857142857,"10":9.0,"11":6.4285714286,"12":4.3333333333,"13":2.1666666667,"14":6.1111111111,"15":7.8181818182}}