{"num_requests":{"1":101,"2":131,"3":103,"4":101,"5":60,"6":59},"wait_time":{"1":8.8118811881,"2":11.9541984733,"3":32.213592233,"4":10.9108910891,"5":10.0,"6":9.8474576271}}