{"num_requests":{"16":10,"17":7,"18":8,"19":5,"9":5,"10":11,"11":14,"12":9,"13":9,"14":9,"15":10},"wait_time":{"16":18.8,"17":51.5714285714,"18":35.875,"19":38.4,"9":0.8,"10":6.0909090909,"11":2.5714285714,"12":2.3333333333,"13":3.2222222222,"14":2.4444444444,"15":7.2}}