{"num_requests":{"10":3,"11":6,"12":10,"13":8,"14":10,"15":9},"wait_time":{"10":7.0,"11":6.6666666667,"12":24.4,"13":18.375,"14":9.2,"15":5.8888888889}}