{"num_requests":{"8":1,"9":2,"10":6,"11":9,"12":10,"13":7,"14":7,"15":4,"16":12,"17":9,"18":8,"19":4},"wait_time":{"8":5.0,"9":2.0,"10":2.5,"11":20.1111111111,"12":8.1,"13":16.8571428571,"14":22.4285714286,"15":3.25,"16":3.5,"17":29.8888888889,"18":8.25,"19":16.25}}