{"num_requests":{"1":118,"2":130,"3":108,"4":99,"5":64,"6":46},"wait_time":{"1":7.2372881356,"2":10.6769230769,"3":13.8981481481,"4":20.4141414141,"5":16.75,"6":19.1086956522}}