{"num_requests":{"16":11,"17":9,"18":7,"19":7,"8":5,"9":10,"10":8,"11":3,"13":7,"14":13,"15":11},"wait_time":{"16":8.5454545455,"17":47.3333333333,"18":57.8571428571,"19":48.1428571429,"8":4.8,"9":8.4,"10":12.125,"11":8.3333333333,"13":20.7142857143,"14":3.6153846154,"15":3.5454545455}}