{"num_requests":{"8":2,"9":15,"10":5,"11":11,"12":6,"13":8,"14":18,"15":15,"16":16,"17":10,"18":4,"19":6},"wait_time":{"8":11.0,"9":20.0,"10":1.6,"11":3.0,"12":4.8333333333,"13":10.875,"14":20.1111111111,"15":14.0666666667,"16":3.3125,"17":23.4,"18":29.25,"19":21.5}}