{"num_requests":{"8":5,"9":6,"10":6,"11":7,"12":10,"13":16,"14":9,"15":18,"16":9,"17":7,"18":4,"19":5},"wait_time":{"8":3.8,"9":5.0,"10":12.0,"11":9.5714285714,"12":10.7,"13":11.625,"14":8.5555555556,"15":7.7777777778,"16":4.1111111111,"17":14.4285714286,"18":24.5,"19":31.2}}