{"num_requests":{"16":2,"8":4,"9":4,"10":20,"11":15,"12":14,"13":11,"14":8,"15":1},"wait_time":{"16":69.0,"8":15.5,"9":22.5,"10":30.8,"11":7.9333333333,"12":6.4285714286,"13":18.5454545455,"14":29.5,"15":62.0}}