{"num_requests":{"8":5,"9":14,"10":14,"11":16,"12":9,"13":11,"14":10,"15":16,"16":13,"17":10,"18":6,"19":5},"wait_time":{"8":14.6,"9":13.3571428571,"10":11.1428571429,"11":12.1875,"12":6.0,"13":3.2727272727,"14":13.0,"15":21.5625,"16":14.6923076923,"17":48.0,"18":14.6666666667,"19":29.6}}