{"num_requests":{"1":101,"2":118,"3":127,"4":95,"5":73,"6":34},"wait_time":{"1":13.1485148515,"2":9.3305084746,"3":17.6535433071,"4":13.8736842105,"5":7.698630137,"6":17.2058823529}}