{"num_requests":{"16":8,"17":11,"18":6,"10":8,"11":11,"12":4,"13":8,"14":3,"15":11},"wait_time":{"16":18.5,"17":22.9090909091,"18":6.8333333333,"10":4.375,"11":2.6363636364,"12":1.75,"13":7.375,"14":1.6666666667,"15":17.7272727273}}