{"num_requests":{"8":1,"9":8,"10":12,"11":6,"12":16,"13":14,"14":13,"15":9,"16":9,"17":11,"18":4,"19":1},"wait_time":{"8":1.0,"9":7.125,"10":7.0833333333,"11":5.1666666667,"12":16.625,"13":30.6428571429,"14":21.0769230769,"15":32.7777777778,"16":30.0,"17":42.0909090909,"18":17.25,"19":13.0}}