{"num_requests":{"8":2,"9":9,"10":6,"11":15,"12":26,"13":10,"14":5,"15":8,"16":7,"17":5,"18":5,"19":3},"wait_time":{"8":0.5,"9":19.0,"10":3.3333333333,"11":5.7333333333,"12":14.8076923077,"13":1.7,"14":1.4,"15":4.25,"16":6.7142857143,"17":65.4,"18":34.6,"19":67.3333333333}}