{"num_requests":{"8":3,"9":15,"10":14,"11":12,"12":11,"13":11,"14":6,"15":6,"16":5,"17":10,"18":14,"19":2},"wait_time":{"8":1.3333333333,"9":10.2,"10":7.4285714286,"11":17.1666666667,"12":12.5454545455,"13":12.9090909091,"14":20.3333333333,"15":15.1666666667,"16":68.8,"17":88.6,"18":61.4285714286,"19":55.5}}