{"num_requests":{"8":3,"9":9,"10":12,"11":16,"12":15,"13":2,"14":4,"15":8,"16":1,"17":5,"18":8,"19":1},"wait_time":{"8":2.6666666667,"9":7.0,"10":5.75,"11":11.125,"12":4.9333333333,"13":3.0,"14":3.25,"15":7.125,"16":0.0,"17":12.2,"18":0.75,"19":27.0}}