{"num_requests":{"16":7,"17":12,"18":10,"8":3,"9":8,"10":16,"11":13,"12":16,"13":12,"14":11,"15":10},"wait_time":{"16":51.5714285714,"17":86.5,"18":60.0,"8":3.6666666667,"9":6.625,"10":3.875,"11":14.4615384615,"12":27.75,"13":23.5,"14":17.0,"15":77.0}}