{"num_requests":{"16":21,"17":12,"18":7,"9":14,"10":11,"11":12,"12":17,"13":11,"14":13,"15":16},"wait_time":{"16":13.6666666667,"17":11.75,"18":13.8571428571,"9":14.5,"10":12.9090909091,"11":19.25,"12":26.0588235294,"13":11.5454545455,"14":25.3076923077,"15":22.1875}}