{"num_requests":{"9":10,"10":11,"11":6,"12":6,"13":5},"wait_time":{"9":17.4,"10":4.4545454545,"11":6.5,"12":3.3333333333,"13":7.4}}