{"num_requests":{"9":5,"10":9,"11":4,"12":10,"13":5,"14":8,"15":10,"16":14,"17":3,"18":11,"19":2,"20":2},"wait_time":{"9":10.8,"10":15.2222222222,"11":0.75,"12":13.5,"13":6.2,"14":24.0,"15":5.1,"16":19.6428571429,"17":63.6666666667,"18":62.5454545455,"19":28.0,"20":141.0}}