{"num_requests":{"16":6,"17":9,"18":6,"9":11,"10":16,"11":9,"12":11,"13":8,"14":8,"15":7},"wait_time":{"16":32.6666666667,"17":76.2222222222,"18":45.3333333333,"9":17.9090909091,"10":18.4375,"11":14.8888888889,"12":12.6363636364,"13":50.0,"14":2.25,"15":13.0}}