{"num_requests":{"16":10,"17":7,"9":7,"10":14,"11":12,"12":19,"13":7,"14":5,"15":9},"wait_time":{"16":24.2,"17":29.8571428571,"9":7.1428571429,"10":6.2142857143,"11":10.5,"12":17.3157894737,"13":25.1428571429,"14":5.8,"15":8.1111111111}}