{"num_requests":{"8":2,"9":8,"10":12,"11":13,"12":19,"13":8,"14":19,"15":12,"16":9,"17":9,"18":8,"19":2},"wait_time":{"8":2.0,"9":3.0,"10":6.5833333333,"11":5.9230769231,"12":13.8947368421,"13":11.625,"14":18.8421052632,"15":10.25,"16":6.5555555556,"17":10.3333333333,"18":9.125,"19":17.0}}