{"num_requests":{"8":1,"9":4,"10":15,"11":10,"12":10,"13":8,"14":3,"15":7,"16":8,"17":3,"18":5,"19":1},"wait_time":{"8":0.0,"9":3.25,"10":7.1333333333,"11":6.0,"12":21.5,"13":27.5,"14":33.6666666667,"15":44.8571428571,"16":32.0,"17":8.3333333333,"18":12.2,"19":12.0}}