{"num_requests":{"1":109,"2":77,"3":104,"4":121,"5":58},"wait_time":{"1":29.0,"2":31.3116883117,"3":26.9423076923,"4":20.8925619835,"5":12.4827586207}}