{"num_requests":{"1":104,"2":103,"3":129,"4":147,"5":74},"wait_time":{"1":21.6634615385,"2":14.7961165049,"3":27.6201550388,"4":24.1700680272,"5":30.4189189189}}