{"num_requests":{"8":1,"9":7,"10":14,"11":13,"12":11,"13":7,"14":8,"15":19,"16":11,"17":5,"18":2,"19":2},"wait_time":{"8":1.0,"9":17.7142857143,"10":4.7857142857,"11":13.0,"12":10.8181818182,"13":9.5714285714,"14":19.125,"15":21.2105263158,"16":5.5454545455,"17":12.6,"18":44.5,"19":21.5}}