{"num_requests":{"9":3,"10":6,"11":7,"12":6,"13":5},"wait_time":{"9":1.6666666667,"10":1.1666666667,"11":3.5714285714,"12":7.1666666667,"13":8.4}}