{"num_requests":{"8":1,"9":5,"10":7,"11":12,"12":7,"13":7},"wait_time":{"8":2.0,"9":2.6,"10":2.2857142857,"11":6.8333333333,"12":6.1428571429,"13":4.2857142857}}