{"num_requests":{"3":32,"4":51,"5":37},"wait_time":{"3":11.375,"4":3.3333333333,"5":4.3783783784}}