{"num_requests":{"8":3,"9":10,"10":11,"11":13,"12":13,"13":14,"14":7,"15":8,"16":5,"17":14,"18":8,"19":1},"wait_time":{"8":1.0,"9":16.3,"10":5.7272727273,"11":7.2307692308,"12":12.4615384615,"13":23.9285714286,"14":11.5714285714,"15":54.0,"16":61.8,"17":81.2857142857,"18":56.125,"19":73.0}}