{"num_requests":{"16":3,"17":2,"11":11,"12":7,"13":6,"14":1,"15":2},"wait_time":{"16":18.0,"17":21.0,"11":19.7272727273,"12":1.4285714286,"13":2.5,"14":7.0,"15":9.5}}