{"num_requests":{"16":14,"17":10,"18":3,"8":2,"9":5,"10":5,"11":7,"12":10,"13":8,"14":5,"15":15},"wait_time":{"16":29.0,"17":37.3,"18":65.3333333333,"8":2.5,"9":13.4,"10":9.6,"11":14.0,"12":15.7,"13":19.25,"14":7.8,"15":17.2666666667}}