{"num_requests":{"8":1,"9":9,"10":13,"11":7,"12":21,"13":15,"14":16,"15":8,"16":10,"17":6,"18":10,"19":2},"wait_time":{"8":1.0,"9":9.7777777778,"10":2.7692307692,"11":3.8571428571,"12":7.2380952381,"13":12.9333333333,"14":13.4375,"15":10.375,"16":31.5,"17":36.1666666667,"18":30.4,"19":58.0}}