{"num_requests":{"8":4,"9":9,"10":12,"11":14,"12":22,"13":19,"14":5,"15":6,"16":6,"17":10,"18":8,"19":3},"wait_time":{"8":5.25,"9":8.8888888889,"10":30.0,"11":24.8571428571,"12":28.5454545455,"13":32.6315789474,"14":4.0,"15":9.0,"16":54.5,"17":50.9,"18":48.25,"19":108.0}}