{"num_requests":{"16":13,"17":12,"18":4,"19":3,"9":9,"10":9,"11":9,"12":7,"13":16,"14":8,"15":12},"wait_time":{"16":5.6153846154,"17":21.25,"18":25.5,"19":63.0,"9":2.5555555556,"10":2.8888888889,"11":1.3333333333,"12":3.7142857143,"13":6.0625,"14":15.375,"15":18.75}}