{"num_requests":{"8":1,"9":9,"10":14,"11":15,"12":12,"13":13,"14":14,"15":14,"16":11,"17":13,"18":11,"19":2},"wait_time":{"8":1.0,"9":15.8888888889,"10":18.5,"11":22.4,"12":16.1666666667,"13":51.4615384615,"14":36.0,"15":14.0,"16":22.6363636364,"17":41.7692307692,"18":32.3636363636,"19":56.5}}