{"num_requests":{"2":123,"3":118,"4":88,"5":40},"wait_time":{"2":23.4227642276,"3":31.1610169492,"4":15.7613636364,"5":8.95}}