{"num_requests":{"8":2,"9":7,"10":15,"11":13,"12":18,"13":10,"14":7,"15":16,"16":16,"17":9,"18":9,"19":1},"wait_time":{"8":7.5,"9":17.7142857143,"10":19.0,"11":15.3846153846,"12":25.3888888889,"13":22.3,"14":11.1428571429,"15":17.9375,"16":19.0,"17":40.3333333333,"18":55.6666666667,"19":44.0}}