{"num_requests":{"9":13,"10":27,"11":18,"12":9,"13":7},"wait_time":{"9":39.0769230769,"10":25.7037037037,"11":26.9444444444,"12":17.7777777778,"13":57.7142857143}}