{"num_requests":{"16":12,"17":7,"9":5,"10":5,"11":3,"12":4,"13":6,"14":6,"15":3},"wait_time":{"16":6.1666666667,"17":5.8571428571,"9":2.4,"10":1.6,"11":2.6666666667,"12":1.5,"13":1.8333333333,"14":0.8333333333,"15":1.6666666667}}