{"num_requests":{"9":14,"10":13,"11":11,"12":12,"13":13,"14":3},"wait_time":{"9":17.0714285714,"10":5.8461538462,"11":2.7272727273,"12":8.25,"13":14.6923076923,"14":58.6666666667}}