{"num_requests":{"16":7,"17":9,"18":6,"8":3,"9":10,"10":8,"11":10,"12":11,"13":10,"14":11,"15":8},"wait_time":{"16":44.2857142857,"17":44.4444444444,"18":50.8333333333,"8":3.3333333333,"9":8.9,"10":4.25,"11":16.7,"12":7.1818181818,"13":26.6,"14":9.4545454545,"15":23.0}}