{"num_requests":{"16":2,"17":13,"18":6,"19":3,"9":12,"10":15,"11":4,"12":21,"13":7,"14":9,"15":12},"wait_time":{"16":33.0,"17":63.1538461538,"18":29.8333333333,"19":48.0,"9":7.5,"10":8.0666666667,"11":8.75,"12":11.7142857143,"13":12.4285714286,"14":21.1111111111,"15":68.5833333333}}