{"num_requests":{"16":7,"17":4,"18":7,"19":3,"9":7,"10":10,"11":6,"12":9,"13":10,"14":14,"15":15},"wait_time":{"16":9.7142857143,"17":12.75,"18":46.0,"19":42.0,"9":5.7142857143,"10":8.2,"11":29.0,"12":16.2222222222,"13":7.8,"14":11.7142857143,"15":9.6}}