{"num_requests":{"16":15,"17":20,"18":2,"9":11,"10":8,"11":6,"12":9,"13":14,"14":8,"15":15},"wait_time":{"16":47.5333333333,"17":17.05,"18":2.5,"9":2.9090909091,"10":2.0,"11":1.0,"12":8.4444444444,"13":9.0714285714,"14":29.5,"15":33.7333333333}}