{"num_requests":{"16":6,"17":11,"18":7,"19":3,"9":7,"10":6,"11":4,"13":10,"14":6,"15":17},"wait_time":{"16":30.3333333333,"17":29.9090909091,"18":77.8571428571,"19":61.3333333333,"9":12.2857142857,"10":34.6666666667,"11":52.5,"13":22.5,"14":8.3333333333,"15":23.0588235294}}