{"num_requests":{"16":16,"17":7,"18":3,"8":1,"9":9,"10":12,"11":10,"12":7,"13":11,"14":2,"15":13},"wait_time":{"16":17.4375,"17":17.2857142857,"18":24.6666666667,"8":7.0,"9":29.5555555556,"10":11.6666666667,"11":13.6,"12":26.4285714286,"13":28.0909090909,"14":5.0,"15":34.7692307692}}