{"num_requests":{"16":16,"17":19,"18":9,"8":1,"9":9,"10":17,"11":15,"12":14,"13":15,"14":14,"15":18},"wait_time":{"16":38.1875,"17":44.1578947368,"18":27.7777777778,"8":4.0,"9":13.7777777778,"10":16.8823529412,"11":25.9333333333,"12":15.3571428571,"13":13.9333333333,"14":12.5714285714,"15":24.9444444444}}