{"num_requests":{"1":107,"2":83,"3":118,"4":134,"5":39},"wait_time":{"1":30.8598130841,"2":25.2409638554,"3":33.8644067797,"4":33.5820895522,"5":4.7692307692}}