{"num_requests":{"8":1,"9":6,"10":11,"11":12,"12":11,"13":10,"14":9,"15":12,"16":15,"17":10,"18":4,"19":2},"wait_time":{"8":0.0,"9":4.1666666667,"10":11.0909090909,"11":15.4166666667,"12":9.5454545455,"13":2.2,"14":7.8888888889,"15":25.0,"16":15.0,"17":28.9,"18":26.75,"19":36.5}}