{"num_requests":{"16":14,"17":9,"18":8,"8":5,"9":4,"10":8,"11":10,"12":8,"13":14,"14":13,"15":13},"wait_time":{"16":39.9285714286,"17":76.3333333333,"18":27.875,"8":14.0,"9":16.75,"10":13.875,"11":5.5,"12":9.875,"13":3.3571428571,"14":10.9230769231,"15":24.0}}