{"num_requests":{"1":85,"2":102,"3":101,"4":112,"5":40},"wait_time":{"1":26.1529411765,"2":11.2843137255,"3":14.5544554455,"4":17.2589285714,"5":13.05}}