{"num_requests":{"16":4,"17":9,"18":5,"8":2,"9":5,"10":11,"11":12,"12":20,"13":13,"14":10,"15":7},"wait_time":{"16":37.75,"17":41.6666666667,"18":15.4,"8":8.5,"9":13.8,"10":12.5454545455,"11":4.5,"12":12.65,"13":13.9230769231,"14":22.6,"15":10.5714285714}}