{"num_requests":{"1":77,"2":63,"3":116,"4":112,"5":46},"wait_time":{"1":10.6883116883,"2":12.8412698413,"3":14.1379310345,"4":18.5089285714,"5":13.7173913043}}