{"num_requests":{"16":4,"17":4,"18":5,"8":1,"9":6,"10":14,"11":10,"12":9,"13":5,"14":4,"15":7},"wait_time":{"16":23.5,"17":20.75,"18":17.0,"8":2.0,"9":24.6666666667,"10":23.2857142857,"11":13.7,"12":10.1111111111,"13":17.6,"14":31.75,"15":22.5714285714}}