{"num_requests":{"9":14,"10":15,"11":13,"12":6,"13":7,"14":1},"wait_time":{"9":21.0714285714,"10":17.7333333333,"11":17.0,"12":10.1666666667,"13":16.4285714286,"14":53.0}}