{"num_requests":{"1":93,"2":100,"3":98,"4":134,"5":56},"wait_time":{"1":20.9462365591,"2":13.59,"3":16.4795918367,"4":17.5746268657,"5":18.0535714286}}