{"num_requests":{"16":17,"17":13,"18":5,"8":4,"9":9,"10":8,"11":12,"12":11,"13":7,"14":16,"15":19},"wait_time":{"16":28.5294117647,"17":37.3076923077,"18":20.2,"8":8.5,"9":13.8888888889,"10":10.25,"11":11.1666666667,"12":6.7272727273,"13":20.1428571429,"14":24.3125,"15":25.1578947368}}