{"num_requests":{"8":1,"9":5,"10":15,"11":7,"12":16,"13":10,"14":6,"15":6,"16":5,"17":9,"18":4,"19":1},"wait_time":{"8":1.0,"9":3.4,"10":2.8,"11":1.8571428571,"12":7.0,"13":23.9,"14":8.5,"15":76.3333333333,"16":56.8,"17":78.2222222222,"18":73.25,"19":9.0}}