{"num_requests":{"8":2,"9":9,"10":10,"11":8,"12":15,"13":12,"14":16,"15":16,"16":10,"17":13,"18":7,"19":4},"wait_time":{"8":7.0,"9":7.4444444444,"10":4.8,"11":7.0,"12":22.8,"13":11.25,"14":27.125,"15":32.625,"16":43.5,"17":66.9230769231,"18":17.2857142857,"19":49.25}}