{"num_requests":{"16":10,"17":18,"18":3,"9":10,"10":11,"11":10,"12":17,"13":14,"14":12,"15":11},"wait_time":{"16":35.2,"17":32.8333333333,"18":42.3333333333,"9":9.8,"10":2.0,"11":5.7,"12":8.0,"13":10.0714285714,"14":4.5,"15":5.6363636364}}