{"num_requests":{"16":7,"17":11,"8":1,"9":5,"10":13,"11":8,"12":10,"13":9,"14":7,"15":6},"wait_time":{"16":30.1428571429,"17":19.6363636364,"8":0.0,"9":2.0,"10":3.0769230769,"11":4.125,"12":8.2,"13":6.8888888889,"14":14.1428571429,"15":11.6666666667}}