{"num_requests":{"1":122,"2":106,"3":121,"4":69,"5":27},"wait_time":{"1":26.5655737705,"2":22.1886792453,"3":10.5867768595,"4":19.4057971014,"5":4.5185185185}}