{"num_requests":{"16":14,"17":4,"8":1,"9":4,"10":6,"11":5,"12":5,"13":8,"14":4,"15":12},"wait_time":{"16":5.1428571429,"17":19.5,"8":1.0,"9":9.25,"10":15.6666666667,"11":4.0,"12":16.4,"13":13.0,"14":14.0,"15":22.0833333333}}