{"num_requests":{"1":90,"2":91,"3":75},"wait_time":{"1":14.6777777778,"2":21.7472527473,"3":18.4533333333}}