{"num_requests":{"16":14,"17":12,"18":1,"9":8,"10":11,"11":15,"12":11,"13":13,"14":15,"15":12},"wait_time":{"16":40.5714285714,"17":57.4166666667,"18":42.0,"9":2.75,"10":8.3636363636,"11":4.3333333333,"12":14.7272727273,"13":4.9230769231,"14":7.9333333333,"15":20.8333333333}}