{"num_requests":{"1":91,"2":84,"3":84,"4":108,"5":38},"wait_time":{"1":26.6813186813,"2":21.4523809524,"3":6.6904761905,"4":19.0555555556,"5":8.3947368421}}