{"num_requests":{"16":13,"17":17,"18":5,"9":9,"10":9,"11":7,"12":16,"13":16,"14":17,"15":22},"wait_time":{"16":16.8461538462,"17":24.5882352941,"18":12.2,"9":12.1111111111,"10":4.3333333333,"11":2.5714285714,"12":10.5625,"13":15.875,"14":25.8235294118,"15":10.5909090909}}