{"num_requests":{"16":5,"17":12,"18":5,"19":1,"9":7,"10":10,"11":16,"12":14,"13":10,"14":9,"15":13},"wait_time":{"16":36.2,"17":36.4166666667,"18":35.6,"19":32.0,"9":8.1428571429,"10":4.4,"11":8.0,"12":10.6428571429,"13":11.0,"14":35.1111111111,"15":11.1538461538}}