{"num_requests":{"9":10,"10":10,"11":17,"12":13,"13":8},"wait_time":{"9":7.9,"10":15.8,"11":14.7058823529,"12":11.1538461538,"13":11.5}}