{"num_requests":{"8":1,"9":5,"10":9,"11":5,"12":10,"13":12,"14":7,"15":14,"16":9,"17":11,"18":4,"19":1},"wait_time":{"8":3.0,"9":7.4,"10":6.2222222222,"11":2.2,"12":8.8,"13":6.75,"14":11.7142857143,"15":21.2142857143,"16":25.3333333333,"17":34.0909090909,"18":22.25,"19":40.0}}