{"num_requests":{"16":13,"17":15,"18":8,"8":1,"9":10,"10":14,"11":16,"12":14,"13":12,"14":14,"15":17},"wait_time":{"16":55.7692307692,"17":49.9333333333,"18":9.125,"8":2.0,"9":19.3,"10":18.2142857143,"11":25.75,"12":14.7142857143,"13":25.9166666667,"14":64.8571428571,"15":39.1764705882}}