{"num_requests":{"1":102,"2":92,"3":118,"4":131,"5":66},"wait_time":{"1":17.4215686275,"2":15.1630434783,"3":14.813559322,"4":14.9541984733,"5":12.2878787879}}