{"num_requests":{"1":120,"2":414,"3":509,"4":481,"5":557,"6":481,"7":469,"8":369,"9":405,"10":256,"11":440,"12":445},"wait_time":{"1":5.8,"2":14.4347826087,"3":15.1080550098,"4":17.2307692308,"5":23.5978456014,"6":29.2702702703,"7":24.78891258,"8":22.5013550136,"9":17.7012345679,"10":18.296875,"11":16.5886363636,"12":18.7303370787}}