{"num_requests":{"9":9,"10":12,"11":6,"12":6,"13":3,"14":1},"wait_time":{"9":3.3333333333,"10":6.3333333333,"11":2.8333333333,"12":2.6666666667,"13":0.3333333333,"14":22.0}}