{"num_requests":{"16":14,"17":9,"18":7,"8":1,"9":10,"10":10,"11":9,"12":13,"13":13,"14":9,"15":17},"wait_time":{"16":24.0714285714,"17":19.7777777778,"18":35.0,"8":1.0,"9":5.1,"10":14.1,"11":18.4444444444,"12":8.8461538462,"13":13.9230769231,"14":6.3333333333,"15":27.1176470588}}