{"num_requests":{"9":4,"10":9,"11":12,"12":9,"13":6},"wait_time":{"9":2.75,"10":15.0,"11":9.0833333333,"12":4.5555555556,"13":10.3333333333}}