{"num_requests":{"9":9,"10":12,"11":12,"12":7,"13":6},"wait_time":{"9":12.8888888889,"10":14.4166666667,"11":9.5,"12":8.1428571429,"13":28.5}}