{"num_requests":{"9":4,"10":6,"11":11,"12":10,"13":8,"14":1},"wait_time":{"9":7.75,"10":9.6666666667,"11":7.6363636364,"12":12.1,"13":22.25,"14":50.0}}