{"num_requests":{"8":3,"9":16,"10":9,"11":7,"12":4,"13":5,"14":1,"15":3},"wait_time":{"8":6.6666666667,"9":21.375,"10":10.3333333333,"11":9.4285714286,"12":4.0,"13":5.6,"14":16.0,"15":28.3333333333}}