{"num_requests":{"8":1,"9":3,"10":8,"11":6,"12":8,"13":17,"14":15,"15":9,"16":12,"17":10,"18":12,"19":6},"wait_time":{"8":9.0,"9":16.0,"10":34.625,"11":51.0,"12":25.75,"13":28.7647058824,"14":17.9333333333,"15":36.0,"16":62.3333333333,"17":75.2,"18":80.9166666667,"19":118.5}}