{"num_requests":{"8":3,"9":10,"10":15,"11":12,"12":15,"13":16,"14":13,"15":19,"16":13,"17":15,"18":16,"19":1},"wait_time":{"8":4.0,"9":19.9,"10":16.3333333333,"11":8.75,"12":28.5333333333,"13":22.125,"14":29.6923076923,"15":30.5263157895,"16":41.6153846154,"17":68.0666666667,"18":70.125,"19":46.0}}