{"num_requests":{"16":13,"17":7,"18":5,"8":6,"9":15,"10":19,"11":15,"12":15,"13":16,"14":11,"15":14},"wait_time":{"16":5.1538461538,"17":19.5714285714,"18":8.4,"8":8.0,"9":28.3333333333,"10":28.0,"11":11.6666666667,"12":18.0,"13":24.1875,"14":5.9090909091,"15":22.1428571429}}