{"num_requests":{"16":13,"17":12,"18":5,"19":2,"9":18,"10":13,"11":21,"12":8,"13":13,"14":6,"15":10},"wait_time":{"16":33.3076923077,"17":44.5833333333,"18":48.2,"19":36.0,"9":25.2222222222,"10":30.0,"11":32.9523809524,"12":16.25,"13":15.6153846154,"14":6.0,"15":33.1}}