{"num_requests":{"8":4,"9":19,"10":17,"11":13,"12":18,"13":11,"14":19,"15":12,"16":21,"17":3,"18":12,"19":1},"wait_time":{"8":1.0,"9":15.8947368421,"10":10.2352941176,"11":11.0,"12":20.6111111111,"13":35.9090909091,"14":20.0526315789,"15":18.75,"16":20.0,"17":46.0,"18":58.75,"19":51.0}}