{"num_requests":{"16":5,"17":4,"18":2,"9":2,"10":6,"11":4,"12":2,"13":5,"14":3,"15":6},"wait_time":{"16":7.0,"17":21.75,"18":65.5,"9":1.5,"10":4.3333333333,"11":4.0,"12":3.0,"13":1.2,"14":2.3333333333,"15":10.8333333333}}