{"num_requests":{"8":1,"9":1,"10":7,"11":4,"12":8,"13":6,"14":15,"15":12,"16":7,"17":4,"18":5,"19":1},"wait_time":{"8":2.0,"9":42.0,"10":18.5714285714,"11":1.25,"12":7.25,"13":4.0,"14":17.9333333333,"15":23.6666666667,"16":17.2857142857,"17":4.75,"18":8.8,"19":15.0}}