{"num_requests":{"1":2,"2":30,"3":39,"4":73,"5":48},"wait_time":{"1":2.5,"2":5.3,"3":9.7948717949,"4":7.1506849315,"5":13.875}}