{"num_requests":{"16":1,"8":4,"9":9,"10":8,"11":12,"12":5,"13":8,"14":6,"15":5},"wait_time":{"16":38.0,"8":4.0,"9":23.0,"10":27.25,"11":20.3333333333,"12":16.0,"13":14.25,"14":19.8333333333,"15":36.6}}