{"num_requests":{"16":11,"17":10,"18":4,"8":1,"9":2,"10":8,"11":5,"12":15,"13":12,"14":21,"15":12},"wait_time":{"16":23.5454545455,"17":54.4,"18":24.75,"8":1.0,"9":6.5,"10":17.125,"11":25.8,"12":20.7333333333,"13":29.25,"14":15.7142857143,"15":27.3333333333}}