{"num_requests":{"16":7,"17":10,"18":11,"9":5,"10":10,"11":3,"12":10,"13":10,"14":16,"15":10},"wait_time":{"16":32.8571428571,"17":66.2,"18":72.9090909091,"9":8.8,"10":15.0,"11":2.3333333333,"12":5.2,"13":4.2,"14":10.5625,"15":13.8}}