{"num_requests":{"16":11,"17":6,"18":2,"9":5,"10":6,"11":14,"12":12,"13":7,"14":8,"15":5},"wait_time":{"16":15.6363636364,"17":21.1666666667,"18":4.5,"9":11.6,"10":28.0,"11":42.7857142857,"12":6.0,"13":4.5714285714,"14":12.75,"15":10.4}}