{"num_requests":{"8":2,"9":11,"10":8,"11":12,"12":10,"13":13,"14":7,"15":13,"16":11,"17":8,"18":11,"19":1},"wait_time":{"8":12.5,"9":11.2727272727,"10":15.125,"11":20.25,"12":33.6,"13":50.3076923077,"14":37.8571428571,"15":45.5384615385,"16":29.2727272727,"17":36.625,"18":42.0,"19":24.0}}