{"num_requests":{"9":12,"10":12,"11":11,"12":8,"13":8,"14":13,"15":9,"16":10,"17":9,"18":6,"19":9,"20":5},"wait_time":{"9":13.0833333333,"10":25.6666666667,"11":19.7272727273,"12":19.25,"13":34.0,"14":64.6923076923,"15":18.7777777778,"16":30.8,"17":57.1111111111,"18":68.8333333333,"19":93.1111111111,"20":84.2}}