{"num_requests":{"2":124,"3":118,"4":107,"5":62},"wait_time":{"2":29.2661290323,"3":24.7457627119,"4":32.3457943925,"5":30.5}}