{"num_requests":{"16":11,"17":5,"8":2,"9":3,"10":12,"11":11,"12":12,"13":12,"14":13,"15":13},"wait_time":{"16":28.8181818182,"17":6.6,"8":5.5,"9":24.3333333333,"10":21.9166666667,"11":16.9090909091,"12":17.1666666667,"13":21.4166666667,"14":15.8461538462,"15":19.3076923077}}