{"num_requests":{"8":2,"9":10,"10":7,"11":17,"12":14,"13":23,"14":18,"15":8,"16":15,"17":10,"18":9,"19":1},"wait_time":{"8":3.5,"9":15.0,"10":42.1428571429,"11":47.2352941176,"12":29.0714285714,"13":43.5652173913,"14":27.8333333333,"15":44.125,"16":43.9333333333,"17":37.1,"18":49.8888888889,"19":17.0}}