{"num_requests":{"16":8,"17":10,"18":6,"8":3,"9":10,"10":12,"11":12,"12":15,"13":12,"14":15,"15":10},"wait_time":{"16":44.375,"17":59.0,"18":61.1666666667,"8":9.0,"9":11.8,"10":28.75,"11":26.0833333333,"12":14.0,"13":7.9166666667,"14":13.0666666667,"15":22.9}}