{"num_requests":{"1":114,"2":103,"3":97,"4":111,"5":58},"wait_time":{"1":25.0175438596,"2":15.6796116505,"3":15.6804123711,"4":21.7117117117,"5":21.0172413793}}