{"num_requests":{"16":16,"17":11,"18":9,"8":2,"9":9,"10":9,"11":6,"12":15,"13":11,"14":8,"15":8},"wait_time":{"16":28.9375,"17":27.0909090909,"18":45.7777777778,"8":2.0,"9":3.4444444444,"10":14.8888888889,"11":16.5,"12":17.5333333333,"13":11.7272727273,"14":5.25,"15":9.0}}