{"num_requests":{"8":2,"9":10,"10":12,"11":12,"12":15,"13":17,"14":16,"15":19,"16":7,"17":4,"18":14,"19":2},"wait_time":{"8":2.0,"9":11.8,"10":10.4166666667,"11":25.1666666667,"12":14.2,"13":16.2941176471,"14":23.3125,"15":30.6315789474,"16":29.1428571429,"17":66.0,"18":104.0714285714,"19":80.0}}