{"num_requests":{"8":3,"9":5,"10":13,"11":7,"12":11,"13":10,"14":7,"15":10,"16":8,"17":10,"18":2,"19":1,"20":1},"wait_time":{"8":3.0,"9":24.0,"10":23.6153846154,"11":8.4285714286,"12":3.8181818182,"13":9.4,"14":19.4285714286,"15":11.6,"16":18.625,"17":26.7,"18":4.0,"19":1.0,"20":17.0}}