{"num_requests":{"16":16,"17":14,"18":8,"8":1,"9":15,"10":8,"11":14,"12":14,"13":13,"14":19,"15":13},"wait_time":{"16":32.0625,"17":33.7857142857,"18":7.875,"8":1.0,"9":27.1333333333,"10":22.125,"11":24.0,"12":12.5,"13":15.2307692308,"14":39.9473684211,"15":25.3846153846}}