{"num_requests":{"16":19,"17":6,"18":10,"9":6,"10":9,"11":10,"12":20,"13":8,"14":16,"15":14},"wait_time":{"16":35.7368421053,"17":53.3333333333,"18":53.7,"9":5.8333333333,"10":41.0,"11":39.4,"12":23.3,"13":3.625,"14":16.75,"15":16.0714285714}}