{"num_requests":{"1":94,"2":108,"3":95,"4":112,"5":75,"6":66},"wait_time":{"1":12.829787234,"2":24.4907407407,"3":42.6315789474,"4":41.1785714286,"5":39.0666666667,"6":21.7424242424}}