{"num_requests":{"8":2,"9":4,"10":10,"11":14,"12":15,"13":12,"14":14,"15":19,"16":12,"17":10,"18":9,"19":3},"wait_time":{"8":1.0,"9":5.5,"10":8.7,"11":18.8571428571,"12":32.0666666667,"13":31.5,"14":33.3571428571,"15":28.3157894737,"16":28.5833333333,"17":40.5,"18":59.5555555556,"19":35.3333333333}}