{"num_requests":{"1":92,"2":104,"3":94,"4":121,"5":50},"wait_time":{"1":24.9565217391,"2":18.7211538462,"3":21.9680851064,"4":46.1487603306,"5":22.06}}