{"num_requests":{"16":10,"17":5,"18":6,"8":2,"9":6,"10":9,"11":14,"12":16,"13":9,"14":6,"15":11},"wait_time":{"16":21.3,"17":22.4,"18":35.8333333333,"8":2.0,"9":8.0,"10":24.0,"11":14.5714285714,"12":21.0,"13":22.6666666667,"14":21.0,"15":35.1818181818}}