{"num_requests":{"1":107,"2":129,"3":94,"4":105,"5":44},"wait_time":{"1":47.7570093458,"2":23.8372093023,"3":19.1808510638,"4":23.4952380952,"5":24.6818181818}}