{"num_requests":{"16":13,"17":12,"18":12,"8":2,"9":10,"10":10,"11":10,"12":12,"13":12,"14":8,"15":20},"wait_time":{"16":38.5384615385,"17":37.25,"18":61.8333333333,"8":4.0,"9":10.2,"10":30.0,"11":19.8,"12":51.9166666667,"13":52.25,"14":64.5,"15":76.0}}