{"num_requests":{"1":134,"2":150,"3":116,"4":121,"5":78},"wait_time":{"1":37.4179104478,"2":22.06,"3":42.8448275862,"4":29.0661157025,"5":24.4358974359}}