{"num_requests":{"16":10,"17":9,"18":6,"8":1,"9":8,"10":9,"11":14,"12":12,"13":11,"14":12,"15":13},"wait_time":{"16":27.4,"17":22.1111111111,"18":27.6666666667,"8":0.0,"9":6.375,"10":10.3333333333,"11":19.0714285714,"12":29.8333333333,"13":17.7272727273,"14":39.1666666667,"15":30.3076923077}}