{"num_requests":{"16":1,"8":4,"9":7,"10":14,"11":7,"12":6,"13":2,"14":4,"15":5},"wait_time":{"16":1.0,"8":10.25,"9":24.5714285714,"10":41.4285714286,"11":4.5714285714,"12":8.3333333333,"13":13.0,"14":27.25,"15":18.4}}