{"num_requests":{"1":123,"2":136,"3":76,"4":95},"wait_time":{"1":41.9430894309,"2":18.0735294118,"3":18.3026315789,"4":15.1157894737}}