{"num_requests":{"16":10,"17":13,"19":2,"8":2,"9":9,"10":10,"11":14,"12":11,"13":13,"14":9,"15":12},"wait_time":{"16":25.2,"17":59.5384615385,"19":67.0,"8":2.5,"9":10.0,"10":21.2,"11":25.5714285714,"12":20.5454545455,"13":37.6153846154,"14":16.8888888889,"15":5.8333333333}}