{"num_requests":{"16":10,"17":10,"18":4,"9":10,"10":5,"11":6,"12":15,"13":10,"14":17,"15":8},"wait_time":{"16":18.4,"17":18.8,"18":43.75,"9":4.1,"10":4.6,"11":4.6666666667,"12":6.2,"13":10.8,"14":8.4117647059,"15":21.625}}