{"num_requests":{"1":192,"2":461,"3":411,"4":523,"5":599,"6":430,"7":456,"8":483,"9":458,"10":479,"11":550,"12":401},"wait_time":{"1":9.03125,"2":28.1887201735,"3":28.9562043796,"4":21.845124283,"5":31.245409015,"6":24.288372093,"7":28.7390350877,"8":19.9109730849,"9":22.4388646288,"10":28.2693110647,"11":30.6872727273,"12":18.0349127182}}