{"num_requests":{"1":106,"2":121,"3":113,"4":105,"5":78},"wait_time":{"1":21.7735849057,"2":16.520661157,"3":25.1769911504,"4":26.3047619048,"5":19.3717948718}}