{"num_requests":{"8":4,"9":7,"10":13,"11":8,"12":14,"13":20,"14":11,"15":15,"16":9,"17":7,"18":12,"19":1},"wait_time":{"8":2.0,"9":4.0,"10":12.4615384615,"11":5.125,"12":23.6428571429,"13":16.85,"14":12.7272727273,"15":5.8666666667,"16":10.5555555556,"17":42.8571428571,"18":36.25,"19":34.0}}