{"num_requests":{"16":6,"17":9,"18":9,"9":3,"10":11,"11":11,"12":12,"13":17,"14":11,"15":17},"wait_time":{"16":46.5,"17":55.4444444444,"18":24.0,"9":8.3333333333,"10":19.1818181818,"11":19.2727272727,"12":15.8333333333,"13":18.3529411765,"14":13.0909090909,"15":12.9411764706}}