{"num_requests":{"8":4,"9":9,"10":24,"11":20,"12":7,"13":6,"14":3,"15":2},"wait_time":{"8":4.5,"9":40.5555555556,"10":48.75,"11":20.6,"12":30.1428571429,"13":48.0,"14":88.3333333333,"15":100.5}}