{"num_requests":{"8":4,"9":11,"10":11,"11":11,"12":9,"13":6,"14":4,"15":5},"wait_time":{"8":13.25,"9":12.0,"10":25.8181818182,"11":15.3636363636,"12":25.3333333333,"13":22.1666666667,"14":48.5,"15":66.8}}