{"num_requests":{"8":2,"9":7,"10":7,"11":10,"12":16,"13":16,"14":12,"15":16,"16":8,"17":8,"18":7,"19":7},"wait_time":{"8":13.0,"9":15.0,"10":38.0,"11":28.8,"12":45.0,"13":52.0625,"14":48.1666666667,"15":48.0625,"16":23.875,"17":45.875,"18":50.4285714286,"19":67.7142857143}}