{"num_requests":{"16":15,"17":8,"18":3,"19":1,"9":3,"10":5,"11":6,"12":8,"13":4,"14":10,"15":10},"wait_time":{"16":4.2,"17":6.625,"18":6.6666666667,"19":58.0,"9":0.6666666667,"10":0.8,"11":2.1666666667,"12":1.25,"13":7.5,"14":15.5,"15":11.4}}