{"num_requests":{"8":8,"9":10,"10":9,"11":13,"12":20,"13":11,"14":18,"15":14,"16":9,"17":5,"18":7,"19":4,"20":1},"wait_time":{"8":4.5,"9":10.4,"10":17.5555555556,"11":41.5384615385,"12":24.1,"13":9.5454545455,"14":11.1111111111,"15":11.1428571429,"16":8.4444444444,"17":14.0,"18":24.8571428571,"19":6.0,"20":8.0}}