{"num_requests":{"8":7,"9":9,"10":19,"11":13,"12":12,"13":10,"14":7,"15":1},"wait_time":{"8":3.8571428571,"9":32.1111111111,"10":41.6315789474,"11":13.3076923077,"12":23.9166666667,"13":14.5,"14":19.1428571429,"15":60.0}}