{"num_requests":{"16":12,"17":13,"18":14,"9":6,"10":7,"11":11,"12":11,"13":17,"14":12,"15":11},"wait_time":{"16":15.5833333333,"17":51.0,"18":30.5,"9":13.6666666667,"10":20.8571428571,"11":40.4545454545,"12":32.0,"13":12.7058823529,"14":9.9166666667,"15":19.5454545455}}