{"num_requests":{"1":101,"2":130,"3":71,"4":95,"5":61},"wait_time":{"1":24.7722772277,"2":31.3769230769,"3":14.2676056338,"4":12.1684210526,"5":25.0327868852}}