{"num_requests":{"16":10,"17":7,"18":7,"8":2,"9":6,"10":15,"11":15,"12":15,"13":16,"14":14,"15":11},"wait_time":{"16":11.6,"17":57.0,"18":33.1428571429,"8":6.0,"9":15.5,"10":28.7333333333,"11":29.6666666667,"12":15.6666666667,"13":27.3125,"14":22.0,"15":19.2727272727}}