{"num_requests":{"9":4,"10":9,"11":10,"12":14,"13":19,"14":19,"15":17,"16":12,"17":17,"18":8,"19":5,"20":6,"21":2},"wait_time":{"9":13.25,"10":19.1111111111,"11":8.8,"12":27.4285714286,"13":24.5263157895,"14":20.2105263158,"15":14.9411764706,"16":16.9166666667,"17":36.1764705882,"18":33.5,"19":60.0,"20":38.5,"21":14.5}}