{"num_requests":{"8":6,"9":8,"10":7,"11":14,"12":3,"13":8,"14":6,"15":3},"wait_time":{"8":6.8333333333,"9":42.625,"10":49.1428571429,"11":20.8571428571,"12":0.6666666667,"13":17.0,"14":19.6666666667,"15":12.6666666667}}