{"num_requests":{"1":142,"2":129,"3":88,"4":31,"5":11},"wait_time":{"1":24.2746478873,"2":16.5348837209,"3":15.0568181818,"4":6.8387096774,"5":10.4545454545}}