{"num_requests":{"8":1,"9":3,"10":8,"11":11,"12":11,"13":14,"14":6,"15":10,"16":10,"17":6,"18":6,"19":4,"20":3,"21":1},"wait_time":{"8":0.0,"9":9.0,"10":12.25,"11":13.8181818182,"12":6.7272727273,"13":15.8571428571,"14":3.3333333333,"15":5.2,"16":20.1,"17":36.3333333333,"18":13.0,"19":10.25,"20":2.0,"21":17.0}}