{"num_requests":{"8":6,"9":14,"10":16,"11":14,"12":11,"13":6,"14":6,"15":5},"wait_time":{"8":5.0,"9":21.7857142857,"10":28.5,"11":16.3571428571,"12":8.1818181818,"13":9.1666666667,"14":29.6666666667,"15":33.6}}