{"num_requests":{"2":148,"3":118,"4":135,"5":55},"wait_time":{"2":34.0472972973,"3":28.1525423729,"4":25.4222222222,"5":23.8545454545}}