{"num_requests":{"8":1,"9":5,"10":6,"11":13,"12":17,"13":17,"14":17,"15":13,"16":7,"17":7,"18":13,"19":7},"wait_time":{"8":3.0,"9":24.2,"10":29.3333333333,"11":38.8461538462,"12":22.0,"13":31.8823529412,"14":43.8235294118,"15":30.0769230769,"16":22.5714285714,"17":91.1428571429,"18":83.0,"19":61.0}}