{"num_requests":{"8":3,"9":7,"10":13,"11":13,"12":7,"13":10,"14":2,"15":7},"wait_time":{"8":6.6666666667,"9":33.8571428571,"10":37.5384615385,"11":40.2307692308,"12":19.2857142857,"13":9.2,"14":28.0,"15":48.5714285714}}