{"num_requests":{"16":13,"17":5,"18":12,"8":5,"9":13,"10":16,"11":12,"12":10,"13":11,"14":12,"15":20},"wait_time":{"16":17.7692307692,"17":57.8,"18":64.1666666667,"8":6.2,"9":21.7692307692,"10":17.875,"11":17.25,"12":18.4,"13":20.0909090909,"14":15.6666666667,"15":19.25}}