{"num_requests":{"16":8,"17":3,"18":6,"9":5,"10":9,"11":10,"12":17,"13":15,"14":11,"15":13},"wait_time":{"16":26.125,"17":37.6666666667,"18":27.0,"9":14.0,"10":8.0,"11":5.6,"12":8.6470588235,"13":8.2666666667,"14":14.8181818182,"15":31.1538461538}}