{"num_requests":{"8":2,"9":10,"10":11,"11":13,"12":9,"13":10,"14":12,"15":13,"16":10,"17":10,"18":9,"19":2},"wait_time":{"8":0.5,"9":10.7,"10":5.0909090909,"11":5.0769230769,"12":28.5555555556,"13":3.3,"14":11.75,"15":16.0769230769,"16":40.4,"17":54.3,"18":58.3333333333,"19":34.0}}