{"num_requests":{"9":4,"10":8,"11":6,"12":17,"13":12,"14":11,"15":7,"16":6,"17":8,"18":5,"19":8,"20":3},"wait_time":{"9":12.25,"10":32.625,"11":64.6666666667,"12":29.5294117647,"13":51.8333333333,"14":27.9090909091,"15":43.8571428571,"16":66.6666666667,"17":50.75,"18":64.6,"19":53.875,"20":18.0}}