{"num_requests":{"16":2,"9":5,"10":6,"11":3,"13":5,"14":4,"15":6},"wait_time":{"16":0.5,"9":7.8,"10":7.6666666667,"11":0.6666666667,"13":2.4,"14":6.75,"15":14.1666666667}}