{"num_requests":{"16":14,"17":7,"18":6,"19":2,"9":7,"10":11,"11":13,"12":12,"13":11,"14":10,"15":10},"wait_time":{"16":19.7142857143,"17":23.5714285714,"18":52.0,"19":41.5,"9":3.1428571429,"10":8.4545454545,"11":4.8461538462,"12":9.0833333333,"13":11.6363636364,"14":22.1,"15":14.3}}