{"num_requests":{"9":7,"10":11,"11":14,"12":16,"13":18},"wait_time":{"9":3.5714285714,"10":17.7272727273,"11":31.6428571429,"12":25.0625,"13":20.6111111111}}