{"num_requests":{"8":3,"9":9,"10":15,"11":11,"12":9,"13":14,"14":8,"15":13,"16":8,"17":2,"18":5,"19":7,"20":4},"wait_time":{"8":2.0,"9":9.3333333333,"10":28.0,"11":22.8181818182,"12":25.0,"13":24.3571428571,"14":20.25,"15":20.0769230769,"16":8.375,"17":19.0,"18":53.2,"19":58.2857142857,"20":29.0}}