{"num_requests":{"1":4,"2":21,"3":42,"4":54,"5":59,"6":15},"wait_time":{"1":5.0,"2":4.7142857143,"3":15.2857142857,"4":8.6851851852,"5":11.6101694915,"6":19.1333333333}}