{"num_requests":{"8":5,"9":17,"10":4,"11":11,"12":5,"13":11,"14":5,"15":15},"wait_time":{"8":5.8,"9":8.5882352941,"10":2.0,"11":10.5454545455,"12":20.2,"13":33.1818181818,"14":49.0,"15":52.2666666667}}