{"num_requests":{"8":2,"9":12,"10":11,"11":10,"12":4,"13":9,"14":6,"15":5},"wait_time":{"8":1.0,"9":10.3333333333,"10":17.3636363636,"11":6.3,"12":7.75,"13":11.0,"14":25.0,"15":5.0}}