{"num_requests":{"1":137,"2":116,"3":123,"4":142,"5":87,"6":16},"wait_time":{"1":23.5912408759,"2":13.8103448276,"3":20.1463414634,"4":22.9929577465,"5":23.3103448276,"6":12.5}}