{"num_requests":{"16":14,"17":14,"18":5,"19":1,"9":6,"10":8,"11":15,"12":20,"13":12,"14":13,"15":15},"wait_time":{"16":15.1428571429,"17":14.8571428571,"18":21.4,"19":39.0,"9":6.6666666667,"10":21.5,"11":26.0666666667,"12":15.8,"13":30.0,"14":41.0,"15":6.6666666667}}