{"num_requests":{"8":1,"9":2,"10":3,"11":6,"12":12,"13":11,"14":2,"15":6,"16":13,"17":13,"18":5,"19":4},"wait_time":{"8":4.0,"9":4.0,"10":5.6666666667,"11":20.6666666667,"12":2.9166666667,"13":5.2727272727,"14":13.5,"15":39.0,"16":31.0769230769,"17":29.1538461538,"18":58.6,"19":89.25}}