{"num_requests":{"1":154,"2":111,"3":115,"4":125,"5":63,"6":25},"wait_time":{"1":17.7012987013,"2":19.7837837838,"3":16.1130434783,"4":12.504,"5":11.7142857143,"6":13.16}}