{"num_requests":{"8":4,"9":7,"10":10,"11":12,"12":11,"13":8,"14":10,"15":6},"wait_time":{"8":5.0,"9":4.7142857143,"10":2.8,"11":12.5833333333,"12":12.7272727273,"13":8.0,"14":19.6,"15":6.3333333333}}