{"num_requests":{"8":1,"9":3,"10":7,"11":13,"12":12,"13":13,"14":10,"15":12,"16":13,"17":11,"18":6,"19":7},"wait_time":{"8":2.0,"9":3.3333333333,"10":2.0,"11":5.4615384615,"12":8.4166666667,"13":4.4615384615,"14":5.0,"15":11.1666666667,"16":4.8461538462,"17":4.3636363636,"18":38.5,"19":38.0}}