{"num_requests":{"16":8,"17":9,"18":2,"8":2,"9":4,"10":2,"11":8,"12":9,"13":4,"14":3,"15":6},"wait_time":{"16":13.375,"17":14.7777777778,"18":4.0,"8":10.5,"9":12.0,"10":3.5,"11":49.25,"12":6.7777777778,"13":8.5,"14":9.3333333333,"15":18.6666666667}}