{"num_requests":{"8":4,"9":9,"10":12,"11":8,"12":12,"13":18,"14":13,"15":7,"16":20,"17":22,"18":7,"19":7},"wait_time":{"8":6.75,"9":12.6666666667,"10":14.3333333333,"11":4.5,"12":8.0833333333,"13":23.2222222222,"14":16.0,"15":51.8571428571,"16":59.9,"17":21.5,"18":14.7142857143,"19":28.1428571429}}