{"num_requests":{"8":1,"9":2,"10":2,"11":8,"12":17,"13":11,"14":10,"15":7,"16":12,"17":13,"18":5,"19":5,"20":1},"wait_time":{"8":1.0,"9":16.5,"10":8.0,"11":41.5,"12":13.4705882353,"13":18.9090909091,"14":31.9,"15":48.7142857143,"16":16.5833333333,"17":23.6923076923,"18":10.4,"19":24.8,"20":34.0}}