{"num_requests":{"8":1,"9":8,"10":15,"11":15,"12":14,"13":9,"14":10,"15":16,"16":18,"17":14,"18":4,"19":3},"wait_time":{"8":8.0,"9":16.25,"10":29.0666666667,"11":31.4666666667,"12":9.4285714286,"13":7.5555555556,"14":36.5,"15":21.0,"16":12.0,"17":5.0714285714,"18":14.25,"19":11.6666666667}}