{"num_requests":{"16":15,"17":13,"18":6,"19":4,"9":6,"10":8,"11":10,"12":8,"13":11,"14":7,"15":13},"wait_time":{"16":5.6,"17":4.3076923077,"18":11.0,"19":17.75,"9":20.5,"10":38.125,"11":6.4,"12":24.375,"13":24.8181818182,"14":64.8571428571,"15":24.9230769231}}