{"num_requests":{"1":135,"2":90,"3":57},"wait_time":{"1":25.4148148148,"2":28.3777777778,"3":16.7192982456}}