{"num_requests":{"1":150,"2":109,"3":111,"4":131,"5":94,"6":32},"wait_time":{"1":27.1,"2":18.4220183486,"3":26.8828828829,"4":15.1526717557,"5":25.2659574468,"6":20.15625}}