{"num_requests":{"8":1,"9":4,"10":10,"11":17,"12":17,"13":9,"14":7,"15":11,"16":17,"17":13,"18":8,"19":2},"wait_time":{"8":1.0,"9":3.5,"10":10.5,"11":12.4117647059,"12":9.5294117647,"13":11.0,"14":4.2857142857,"15":44.0,"16":12.8235294118,"17":17.6923076923,"18":5.75,"19":1.0}}