{"num_requests":{"1":139,"2":108,"3":95,"4":35,"5":21},"wait_time":{"1":24.5035971223,"2":9.7037037037,"3":5.2,"4":3.7428571429,"5":6.0952380952}}