{"num_requests":{"8":2,"9":6,"10":9,"11":12,"12":9,"13":9,"14":12,"15":9,"16":10,"17":12,"18":9,"19":5},"wait_time":{"8":2.5,"9":6.0,"10":3.5555555556,"11":2.6666666667,"12":5.4444444444,"13":6.5555555556,"14":32.5833333333,"15":7.8888888889,"16":26.4,"17":19.9166666667,"18":16.0,"19":3.6}}