{"num_requests":{"8":1,"9":9,"10":10,"11":8,"12":18,"13":21,"14":14,"15":11,"16":19,"17":20,"18":14,"19":5},"wait_time":{"8":0.0,"9":14.0,"10":10.2,"11":20.5,"12":19.3333333333,"13":38.7619047619,"14":23.7857142857,"15":27.7272727273,"16":38.1578947368,"17":42.15,"18":16.4285714286,"19":15.0}}