{"num_requests":{"8":3,"9":2,"10":5,"11":15,"12":11,"13":11,"14":6,"15":8,"16":8,"17":8,"18":5,"19":1},"wait_time":{"8":1.6666666667,"9":2.5,"10":6.2,"11":5.6666666667,"12":3.3636363636,"13":11.9090909091,"14":16.6666666667,"15":31.875,"16":17.0,"17":4.125,"18":2.8,"19":3.0}}