{"num_requests":{"1":79,"2":104,"3":116,"4":146,"5":73,"6":26},"wait_time":{"1":18.8734177215,"2":12.8846153846,"3":21.9051724138,"4":12.9178082192,"5":24.5753424658,"6":10.6923076923}}