{"num_requests":{"8":1,"9":6,"10":3,"11":11,"12":17,"13":13,"14":8,"15":13,"16":21,"17":13,"18":7,"19":3,"20":1},"wait_time":{"8":1.0,"9":19.3333333333,"10":14.3333333333,"11":21.1818181818,"12":18.2352941176,"13":8.5384615385,"14":37.625,"15":20.1538461538,"16":18.6666666667,"17":19.0,"18":4.4285714286,"19":16.6666666667,"20":31.0}}