{"num_requests":{"8":2,"9":4,"10":8,"11":5,"12":4,"13":8,"14":5,"15":11,"16":13,"17":11,"18":5,"19":3},"wait_time":{"8":11.0,"9":8.0,"10":9.0,"11":7.8,"12":22.75,"13":48.25,"14":15.2,"15":33.5454545455,"16":16.0769230769,"17":14.8181818182,"18":1.4,"19":8.3333333333}}