{"num_requests":{"10":6,"11":8,"12":11,"13":9},"wait_time":{"10":6.5,"11":2.0,"12":5.9090909091,"13":11.3333333333}}