{"num_requests":{"1":155,"2":139,"3":108,"4":127,"5":85,"6":34},"wait_time":{"1":29.7612903226,"2":24.3597122302,"3":18.9722222222,"4":18.3149606299,"5":14.6588235294,"6":14.3235294118}}