{"num_requests":{"8":3,"9":10,"10":8,"11":17,"12":14,"13":13,"14":10,"15":14,"16":10,"17":12,"18":10,"19":7},"wait_time":{"8":5.0,"9":8.0,"10":23.375,"11":30.0,"12":16.2857142857,"13":20.3076923077,"14":49.4,"15":54.7857142857,"16":35.7,"17":42.4166666667,"18":17.8,"19":4.7142857143}}