{"num_requests":{"10":2,"11":3,"12":4,"13":7},"wait_time":{"10":2.5,"11":1.6666666667,"12":9.5,"13":21.7142857143}}