{"num_requests":{"8":1,"9":8,"10":7,"11":12,"12":13,"13":8,"14":3,"15":10,"16":5,"17":5,"18":15,"19":4},"wait_time":{"8":24.0,"9":5.125,"10":8.5714285714,"11":4.3333333333,"12":3.8461538462,"13":14.375,"14":11.0,"15":18.7,"16":1.2,"17":4.8,"18":6.2,"19":3.5}}