{"num_requests":{"10":2,"11":6,"12":7,"13":9},"wait_time":{"10":1.0,"11":7.6666666667,"12":3.8571428571,"13":6.1111111111}}