{"num_requests":{"8":2,"9":7,"10":8,"11":11,"12":7,"13":10,"14":11,"15":10,"16":11,"17":12,"18":6,"19":4},"wait_time":{"8":9.0,"9":1.7142857143,"10":2.75,"11":20.9090909091,"12":12.4285714286,"13":12.0,"14":16.2727272727,"15":3.0,"16":8.4545454545,"17":8.0,"18":12.6666666667,"19":5.25}}