{"num_requests":{"8":1,"9":5,"10":8,"11":15,"12":12,"13":6,"14":5,"15":17,"16":11,"17":10,"18":7,"19":11},"wait_time":{"8":4.0,"9":22.8,"10":16.875,"11":18.9333333333,"12":19.4166666667,"13":14.5,"14":22.6,"15":25.0,"16":12.4545454545,"17":10.8,"18":19.2857142857,"19":24.9090909091}}