{"num_requests":{"16":1,"8":3,"9":7,"10":8,"11":22,"12":10,"13":11,"14":8,"15":5},"wait_time":{"16":109.0,"8":9.3333333333,"9":7.1428571429,"10":17.5,"11":46.0909090909,"12":36.7,"13":44.1818181818,"14":24.875,"15":72.6}}