{"num_requests":{"16":11,"17":5,"18":3,"9":2,"10":4,"11":2,"12":1,"13":3,"14":2,"15":9},"wait_time":{"16":23.0,"17":24.4,"18":22.0,"9":12.0,"10":7.0,"11":2.0,"12":2.0,"13":4.6666666667,"14":15.5,"15":10.8888888889}}