{"num_requests":{"8":2,"9":7,"10":10,"11":10,"12":13,"13":14,"14":12,"15":17,"16":13,"17":10,"18":13,"19":10},"wait_time":{"8":2.0,"9":15.1428571429,"10":9.9,"11":22.2,"12":17.0,"13":21.5,"14":20.25,"15":10.2941176471,"16":4.9230769231,"17":11.5,"18":26.3846153846,"19":9.2}}