{"num_requests":{"8":1,"9":6,"10":18,"11":16,"12":18,"13":17,"14":20,"15":10,"16":9,"17":12,"18":8,"19":6,"20":1},"wait_time":{"8":23.0,"9":18.1666666667,"10":12.7222222222,"11":24.375,"12":12.3333333333,"13":10.2941176471,"14":20.15,"15":14.9,"16":24.3333333333,"17":44.5833333333,"18":57.0,"19":53.5,"20":34.0}}