{"num_requests":{"2":112,"3":117,"4":99,"5":64,"6":24},"wait_time":{"2":12.9553571429,"3":18.188034188,"4":9.9393939394,"5":31.453125,"6":5.4166666667}}