{"num_requests":{"8":2,"9":6,"10":9,"11":10,"12":7,"13":8,"14":5,"15":12,"16":14,"17":13,"18":8,"19":7},"wait_time":{"8":4.5,"9":23.3333333333,"10":8.2222222222,"11":8.7,"12":7.1428571429,"13":3.625,"14":7.4,"15":4.4166666667,"16":27.0714285714,"17":29.1538461538,"18":38.375,"19":15.5714285714}}