{"num_requests":{"8":6,"9":14,"10":16,"11":18,"12":7,"13":11,"14":10,"15":12},"wait_time":{"8":7.5,"9":16.2857142857,"10":25.1875,"11":28.2222222222,"12":14.7142857143,"13":32.8181818182,"14":35.7,"15":30.8333333333}}