{"num_requests":{"8":2,"9":9,"10":9,"11":17,"12":11,"13":6,"14":20,"15":11,"16":35,"17":13,"18":12,"19":8,"20":1},"wait_time":{"8":5.5,"9":4.3333333333,"10":19.3333333333,"11":20.8823529412,"12":6.2727272727,"13":15.1666666667,"14":15.1,"15":21.5454545455,"16":20.6,"17":5.7692307692,"18":17.75,"19":52.875,"20":16.0}}