{"num_requests":{"8":3,"9":10,"10":7,"11":12,"12":5,"13":13,"14":12,"15":11,"16":17,"17":17,"18":10,"19":5},"wait_time":{"8":11.6666666667,"9":10.7,"10":2.7142857143,"11":17.5833333333,"12":30.2,"13":44.0769230769,"14":42.6666666667,"15":43.9090909091,"16":34.4117647059,"17":33.7647058824,"18":17.8,"19":17.8}}