{"num_requests":{"8":3,"9":6,"10":8,"11":16,"12":7,"13":6,"14":7,"15":11},"wait_time":{"8":7.6666666667,"9":5.6666666667,"10":23.0,"11":20.8125,"12":42.5714285714,"13":8.8333333333,"14":64.0,"15":58.1818181818}}