{"num_requests":{"8":2,"9":6,"10":11,"11":15,"12":10,"13":19,"14":8,"15":20,"16":14,"17":6,"18":6,"19":6,"20":2},"wait_time":{"8":8.5,"9":14.0,"10":10.4545454545,"11":15.3333333333,"12":4.1,"13":16.3684210526,"14":14.125,"15":13.85,"16":6.5,"17":3.6666666667,"18":11.1666666667,"19":22.8333333333,"20":29.0}}