{"num_requests":{"10":6,"11":11,"12":3,"13":12,"14":2},"wait_time":{"10":2.3333333333,"11":3.8181818182,"12":20.0,"13":26.1666666667,"14":28.5}}