{"num_requests":{"1":101,"2":83,"3":78,"4":131,"5":89,"6":38},"wait_time":{"1":16.3663366337,"2":10.0602409639,"3":24.8717948718,"4":21.2442748092,"5":15.191011236,"6":10.1052631579}}