{"num_requests":{"8":1,"9":8,"10":6,"11":14,"12":16,"13":12,"14":9,"15":12,"16":17,"17":10,"18":5,"19":5,"20":1},"wait_time":{"8":22.0,"9":14.375,"10":28.3333333333,"11":29.0,"12":24.375,"13":23.5,"14":19.0,"15":7.75,"16":17.1176470588,"17":24.1,"18":33.2,"19":33.8,"20":25.0}}