{"num_requests":{"8":2,"9":7,"10":15,"11":17,"12":4,"13":10,"14":7,"15":1},"wait_time":{"8":5.0,"9":15.1428571429,"10":13.8666666667,"11":8.7058823529,"12":9.0,"13":13.2,"14":11.7142857143,"15":16.0}}