{"num_requests":{"16":3,"17":3,"9":5,"10":5,"11":3,"12":6,"13":1,"14":4,"15":5},"wait_time":{"16":1.3333333333,"17":1.3333333333,"9":2.4,"10":0.8,"11":1.0,"12":0.8333333333,"13":1.0,"14":3.5,"15":16.8}}