{"num_requests":{"1":115,"2":91,"3":94,"4":101,"5":68,"6":34},"wait_time":{"1":22.9913043478,"2":7.6813186813,"3":23.3617021277,"4":19.9504950495,"5":9.8529411765,"6":6.5294117647}}