{"num_requests":{"16":17,"17":13,"18":9,"19":5,"9":6,"10":5,"11":11,"12":12,"13":10,"14":9,"15":18},"wait_time":{"16":13.8235294118,"17":6.3076923077,"18":17.4444444444,"19":14.8,"9":18.3333333333,"10":33.0,"11":34.5454545455,"12":5.5,"13":3.0,"14":18.1111111111,"15":21.7222222222}}