{"num_requests":{"10":4,"11":8,"12":15,"13":11},"wait_time":{"10":0.75,"11":11.125,"12":16.6666666667,"13":3.8181818182}}