{"num_requests":{"8":1,"9":10,"10":7,"11":16,"12":12,"13":10,"14":8,"15":11,"16":21,"17":9,"18":4,"19":2},"wait_time":{"8":4.0,"9":8.0,"10":3.0,"11":9.1875,"12":14.8333333333,"13":8.3,"14":16.25,"15":45.6363636364,"16":41.0952380952,"17":15.8888888889,"18":7.5,"19":7.5}}