{"num_requests":{"1":195,"2":544,"3":596,"4":627,"5":648,"6":593,"7":621,"8":416,"9":503,"10":282,"11":520,"12":398},"wait_time":{"1":11.2923076923,"2":17.1507352941,"3":33.7265100671,"4":22.4274322169,"5":21.7700617284,"6":15.8600337268,"7":20.6199677939,"8":16.1201923077,"9":16.7912524851,"10":24.6028368794,"11":17.2057692308,"12":13.0829145729}}