{"num_requests":{"8":4,"9":12,"10":11,"11":17,"12":13,"13":12,"14":12,"15":4},"wait_time":{"8":6.0,"9":17.9166666667,"10":5.1818181818,"11":6.5882352941,"12":13.5384615385,"13":28.0833333333,"14":22.4166666667,"15":14.0}}