{"num_requests":{"9":3,"10":11,"11":10,"12":10,"13":14,"14":13,"15":7,"16":12,"17":24,"18":12,"19":5,"20":2},"wait_time":{"9":2.3333333333,"10":18.7272727273,"11":16.6,"12":37.1,"13":48.1428571429,"14":53.4615384615,"15":26.0,"16":64.75,"17":62.4166666667,"18":63.9166666667,"19":27.8,"20":40.0}}