{"num_requests":{"8":2,"9":3,"10":7,"11":8,"12":11,"13":12,"14":12,"15":11,"16":13,"17":19,"18":10,"19":3},"wait_time":{"8":2.0,"9":4.6666666667,"10":25.8571428571,"11":30.5,"12":23.9090909091,"13":23.6666666667,"14":33.9166666667,"15":25.8181818182,"16":23.5384615385,"17":30.8947368421,"18":34.0,"19":23.3333333333}}