{"num_requests":{"8":3,"9":12,"10":12,"11":18,"12":16,"13":12,"14":10,"15":6},"wait_time":{"8":2.3333333333,"9":8.1666666667,"10":7.0833333333,"11":22.6666666667,"12":12.3125,"13":18.0833333333,"14":19.0,"15":25.0}}