{"num_requests":{"8":3,"9":8,"10":13,"11":10,"12":11,"13":10,"14":8,"15":8,"16":16,"17":13,"18":7,"19":5},"wait_time":{"8":11.0,"9":25.125,"10":8.8461538462,"11":12.1,"12":4.4545454545,"13":7.7,"14":16.5,"15":22.875,"16":23.625,"17":6.4615384615,"18":7.5714285714,"19":5.0}}