{"num_requests":{"8":3,"9":2,"10":5,"11":8,"12":4,"13":5,"14":6,"15":5,"16":8,"17":6,"18":1,"20":1},"wait_time":{"8":3.6666666667,"9":1.5,"10":3.8,"11":4.125,"12":19.75,"13":19.0,"14":22.1666666667,"15":6.2,"16":5.125,"17":1.8333333333,"18":1.0,"20":12.0}}