{"num_requests":{"8":2,"9":9,"10":7,"11":16,"12":12,"13":18,"14":8,"15":12,"16":22,"17":23,"18":6,"19":2},"wait_time":{"8":12.0,"9":3.1111111111,"10":23.2857142857,"11":31.4375,"12":21.6666666667,"13":37.3333333333,"14":32.875,"15":17.0833333333,"16":39.5909090909,"17":6.9130434783,"18":11.5,"19":7.5}}