{"num_requests":{"8":1,"9":3,"10":10,"11":10,"12":10,"13":17,"14":13,"15":11,"16":8,"17":1,"18":8,"19":3},"wait_time":{"8":1.0,"9":13.3333333333,"10":8.1,"11":5.5,"12":4.4,"13":5.0,"14":7.6153846154,"15":3.0909090909,"16":3.25,"17":6.0,"18":1.875,"19":2.6666666667}}