{"num_requests":{"8":3,"9":7,"10":9,"11":10,"12":10,"13":12,"14":10,"15":13,"16":12,"17":10,"18":7,"19":6},"wait_time":{"8":11.0,"9":8.8571428571,"10":9.7777777778,"11":2.8,"12":8.0,"13":20.9166666667,"14":54.2,"15":48.9230769231,"16":13.0,"17":4.6,"18":11.1428571429,"19":1.3333333333}}