{"num_requests":{"10":4,"11":9,"12":7,"13":6},"wait_time":{"10":15.75,"11":13.5555555556,"12":7.4285714286,"13":6.8333333333}}