{"num_requests":{"8":2,"9":9,"10":10,"11":9,"12":13,"13":13,"14":13,"15":12,"16":19,"17":17,"18":11,"19":7},"wait_time":{"8":6.5,"9":16.2222222222,"10":9.6,"11":20.2222222222,"12":33.0769230769,"13":50.3076923077,"14":29.9230769231,"15":13.4166666667,"16":33.8947368421,"17":30.7058823529,"18":12.4545454545,"19":8.1428571429}}