{"num_requests":{"8":4,"9":10,"10":6,"11":9,"12":14,"13":11,"14":9,"15":11,"16":21,"17":10,"18":4,"19":5,"20":1},"wait_time":{"8":11.25,"9":12.6,"10":23.8333333333,"11":49.1111111111,"12":44.2142857143,"13":17.1818181818,"14":6.1111111111,"15":22.3636363636,"16":26.0476190476,"17":10.2,"18":20.75,"19":4.4,"20":25.0}}