{"num_requests":{"8":2,"9":9,"10":7,"11":16,"12":6,"13":8,"14":4,"15":6,"16":13,"17":8,"18":8,"19":3},"wait_time":{"8":4.0,"9":10.7777777778,"10":9.4285714286,"11":19.875,"12":40.8333333333,"13":30.125,"14":27.0,"15":44.3333333333,"16":25.1538461538,"17":30.25,"18":49.5,"19":80.0}}