{"num_requests":{"8":1,"9":11,"10":9,"11":14,"12":10,"13":16,"14":12,"15":21,"16":22,"17":12,"18":14,"19":4},"wait_time":{"8":4.0,"9":14.6363636364,"10":23.8888888889,"11":20.2142857143,"12":10.0,"13":12.625,"14":18.0833333333,"15":15.7619047619,"16":8.3181818182,"17":9.1666666667,"18":4.5,"19":4.25}}