{"num_requests":{"8":2,"9":9,"10":11,"11":20,"12":10,"13":10,"14":13,"15":17,"16":8,"17":15,"18":12,"19":4},"wait_time":{"8":18.5,"9":25.7777777778,"10":4.0,"11":13.05,"12":11.2,"13":16.7,"14":42.8461538462,"15":25.5294117647,"16":24.25,"17":25.9333333333,"18":26.25,"19":10.25}}