{"num_requests":{"8":5,"9":11,"10":13,"11":9,"12":14,"13":12,"14":11,"15":12},"wait_time":{"8":11.8,"9":21.3636363636,"10":17.2307692308,"11":24.7777777778,"12":29.2857142857,"13":26.5,"14":19.5454545455,"15":28.6666666667}}