{"num_requests":{"8":1,"9":3,"10":11,"11":12,"12":7,"13":7,"14":11,"15":21,"16":13,"17":15,"18":7,"19":7,"20":1},"wait_time":{"8":1.0,"9":9.0,"10":34.1818181818,"11":53.0833333333,"12":44.0,"13":26.7142857143,"14":44.7272727273,"15":71.7619047619,"16":11.6923076923,"17":27.0666666667,"18":11.1428571429,"19":20.1428571429,"20":52.0}}