{"num_requests":{"8":3,"9":8,"10":10,"11":10,"12":12,"13":12,"14":25,"15":21,"16":17,"17":17,"18":16,"19":4},"wait_time":{"8":3.0,"9":8.875,"10":23.3,"11":32.9,"12":25.1666666667,"13":53.9166666667,"14":35.32,"15":21.8095238095,"16":40.4117647059,"17":40.7647058824,"18":17.75,"19":4.25}}