{"num_requests":{"1":122,"2":128,"3":123,"4":116,"5":75,"6":32},"wait_time":{"1":28.8278688525,"2":28.296875,"3":45.2195121951,"4":37.6206896552,"5":36.7466666667,"6":8.75}}