{"num_requests":{"16":12,"17":10,"18":16,"19":11,"9":12,"10":11,"11":17,"12":15,"13":11,"14":9,"15":15},"wait_time":{"16":23.4166666667,"17":24.6,"18":27.125,"19":16.2727272727,"9":25.8333333333,"10":19.7272727273,"11":25.4117647059,"12":7.0,"13":19.0,"14":27.1111111111,"15":48.6}}