{"num_requests":{"10":5,"11":6,"12":9,"13":5},"wait_time":{"10":3.8,"11":5.6666666667,"12":11.6666666667,"13":34.2}}