{"num_requests":{"9":1,"10":4,"11":3,"12":6,"13":6,"14":1},"wait_time":{"9":1.0,"10":3.0,"11":2.6666666667,"12":4.8333333333,"13":11.5,"14":9.0}}