{"num_requests":{"1":95,"2":76,"3":78,"4":51},"wait_time":{"1":15.7684210526,"2":22.8947368421,"3":10.858974359,"4":17.5098039216}}