{"num_requests":{"1":85,"2":53,"3":87,"4":24},"wait_time":{"1":15.0,"2":39.8301886792,"3":13.6091954023,"4":7.625}}