{"num_requests":{"1":80,"2":38,"3":92,"4":50},"wait_time":{"1":17.9375,"2":21.7368421053,"3":11.9565217391,"4":26.06}}