{"num_requests":{"16":8,"17":8,"9":8,"10":5,"11":4,"12":4,"13":9,"14":6,"15":6},"wait_time":{"16":15.75,"17":23.125,"9":5.75,"10":7.6,"11":9.25,"12":7.25,"13":7.5555555556,"14":11.5,"15":58.8333333333}}