{"num_requests":{"16":4,"17":2,"8":2,"9":9,"10":6,"11":2,"12":5,"13":6,"14":6,"15":9},"wait_time":{"16":42.75,"17":46.0,"8":7.5,"9":19.6666666667,"10":13.1666666667,"11":1.0,"12":2.8,"13":11.3333333333,"14":13.8333333333,"15":21.3333333333}}