{"num_requests":{"16":1,"8":2,"9":7,"10":6,"11":4,"12":6,"13":10,"14":6,"15":3},"wait_time":{"16":94.0,"8":2.5,"9":11.1428571429,"10":14.0,"11":5.25,"12":2.0,"13":19.4,"14":4.6666666667,"15":25.6666666667}}