{"num_requests":{"16":7,"17":7,"18":1,"8":2,"9":7,"10":12,"11":5,"12":5,"13":11,"14":18,"15":12},"wait_time":{"16":33.8571428571,"17":17.5714285714,"18":49.0,"8":2.5,"9":6.8571428571,"10":16.0,"11":12.0,"12":0.8,"13":5.1818181818,"14":13.9444444444,"15":13.1666666667}}