{"num_requests":{"16":6,"17":3,"9":5,"10":7,"11":7,"12":4,"13":12,"14":10,"15":9},"wait_time":{"16":5.5,"17":53.0,"9":23.4,"10":42.0,"11":23.4285714286,"12":5.5,"13":19.0,"14":29.3,"15":19.5555555556}}