{"num_requests":{"16":10,"17":6,"8":2,"9":8,"10":8,"11":3,"12":8,"13":11,"14":8,"15":10},"wait_time":{"16":13.7,"17":33.3333333333,"8":2.0,"9":3.625,"10":2.75,"11":6.3333333333,"12":2.5,"13":9.0,"14":14.375,"15":19.4}}