{"num_requests":{"1":58,"2":38,"3":77,"4":54},"wait_time":{"1":16.3965517241,"2":45.3684210526,"3":17.9480519481,"4":14.4074074074}}