{"num_requests":{"16":6,"17":6,"8":2,"9":5,"10":11,"11":4,"12":1,"13":9,"14":2,"15":9},"wait_time":{"16":11.0,"17":18.6666666667,"8":3.0,"9":18.2,"10":21.9090909091,"11":4.0,"12":1.0,"13":25.0,"14":20.5,"15":23.6666666667}}