{"num_requests":{"16":15,"17":10,"8":2,"9":9,"10":9,"11":5,"12":4,"13":12,"14":10,"15":9},"wait_time":{"16":15.6666666667,"17":20.8,"8":2.5,"9":5.1111111111,"10":10.8888888889,"11":9.8,"12":1.75,"13":4.75,"14":26.5,"15":33.8888888889}}