{"num_requests":{"16":6,"17":4,"18":2,"8":2,"9":8,"10":12,"11":6,"12":7,"13":13,"14":8,"15":10},"wait_time":{"16":17.8333333333,"17":56.5,"18":50.0,"8":4.5,"9":12.875,"10":13.4166666667,"11":3.3333333333,"12":3.5714285714,"13":4.0769230769,"14":3.625,"15":1.4}}