{"num_requests":{"16":3,"10":3,"12":1,"13":2,"14":2,"15":2},"wait_time":{"16":5.3333333333,"10":24.6666666667,"12":2.0,"13":1.0,"14":0.5,"15":2.5}}