{"num_requests":{"16":6,"17":3,"8":2,"9":8,"10":14,"11":3,"12":6,"13":11,"14":13,"15":11},"wait_time":{"16":12.6666666667,"17":8.0,"8":3.5,"9":8.875,"10":21.2857142857,"11":23.6666666667,"12":2.3333333333,"13":10.4545454545,"14":27.3076923077,"15":31.9090909091}}