{"num_requests":{"16":9,"17":7,"8":5,"9":13,"10":9,"11":11,"12":10,"13":11,"14":11,"15":9},"wait_time":{"16":20.2222222222,"17":38.5714285714,"8":5.2,"9":13.9230769231,"10":10.1111111111,"11":8.2727272727,"12":4.0,"13":2.7272727273,"14":33.9090909091,"15":23.7777777778}}