{"num_requests":{"16":10,"17":7,"18":5,"8":4,"9":8,"10":11,"11":14,"12":8,"13":8,"14":9,"15":8},"wait_time":{"16":1.5,"17":28.4285714286,"18":40.4,"8":4.25,"9":11.375,"10":9.0,"11":12.6428571429,"12":3.75,"13":5.75,"14":4.5555555556,"15":22.875}}