{"num_requests":{"16":3,"17":2,"18":4,"9":3,"10":10,"11":4,"12":3,"13":10,"14":6,"15":8},"wait_time":{"16":12.3333333333,"17":61.0,"18":44.0,"9":34.3333333333,"10":33.1,"11":52.25,"12":17.6666666667,"13":62.2,"14":32.3333333333,"15":33.0}}