{"num_requests":{"16":5,"17":3,"8":2,"9":9,"10":15,"11":8,"13":1,"14":5,"15":2},"wait_time":{"16":31.8,"17":40.3333333333,"8":10.0,"9":23.0,"10":25.6666666667,"11":16.0,"13":4.0,"14":36.2,"15":49.0}}