{"num_requests":{"1":74,"2":63,"3":83,"4":55},"wait_time":{"1":11.3378378378,"2":23.5873015873,"3":9.0843373494,"4":18.4}}