{"num_requests":{"16":2,"17":5,"18":2,"9":1,"10":4,"11":1,"13":12,"14":5,"15":6},"wait_time":{"16":34.5,"17":55.4,"18":61.5,"9":0.0,"10":11.25,"11":24.0,"13":71.5833333333,"14":44.8,"15":17.1666666667}}