{"num_requests":{"16":5,"17":4,"8":2,"9":3,"10":8,"11":7,"12":4,"13":6,"14":9,"15":6},"wait_time":{"16":13.8,"17":33.75,"8":1.5,"9":1.3333333333,"10":3.25,"11":4.7142857143,"12":1.5,"13":10.0,"14":36.0,"15":19.6666666667}}