{"num_requests":{"16":10,"17":5,"8":1,"9":9,"10":10,"11":9,"12":8,"13":12,"14":10,"15":9},"wait_time":{"16":16.4,"17":26.4,"8":0.0,"9":13.0,"10":3.8,"11":10.3333333333,"12":5.125,"13":5.25,"14":1.5,"15":10.1111111111}}