{"num_requests":{"16":10,"17":6,"18":3,"9":5,"10":7,"11":1,"12":8,"13":16,"14":9,"15":11},"wait_time":{"16":19.1,"17":42.8333333333,"18":48.0,"9":26.0,"10":26.0,"11":24.0,"12":40.0,"13":21.0,"14":6.4444444444,"15":8.9090909091}}