{"num_requests":{"16":7,"17":6,"18":2,"8":2,"9":8,"10":9,"11":8,"12":7,"13":9,"14":9,"15":13},"wait_time":{"16":6.2857142857,"17":2.1666666667,"18":19.0,"8":6.5,"9":15.0,"10":27.6666666667,"11":34.625,"12":2.5714285714,"13":12.4444444444,"14":25.4444444444,"15":24.7692307692}}