{"num_requests":{"1":13,"2":34,"3":70,"4":45},"wait_time":{"1":7.6923076923,"2":9.3529411765,"3":5.7571428571,"4":13.1777777778}}