{"num_requests":{"16":5,"9":4,"10":7,"11":7,"12":11,"13":10,"14":10,"15":16},"wait_time":{"16":4.6,"9":3.5,"10":5.1428571429,"11":1.7142857143,"12":1.2727272727,"13":5.6,"14":11.4,"15":8.375}}