{"num_requests":{"16":3,"17":2,"9":5,"10":2,"11":2,"12":1,"13":7,"14":9,"15":7},"wait_time":{"16":8.6666666667,"17":32.0,"9":13.4,"10":39.0,"11":3.0,"12":2.0,"13":29.0,"14":33.3333333333,"15":11.4285714286}}