{"num_requests":{"1":162,"2":300,"3":275,"4":260,"5":227,"6":249},"wait_time":{"1":8.7283950617,"2":16.5933333333,"3":14.8763636364,"4":17.9384615385,"5":21.2995594714,"6":19.0883534137}}